2,2,0.1,4.4303,0.26064,0.12511,-0.020314,30.75
2,2,0.2,5.0384,0.26076,0.23112,0.27134,25.188
2,2,0.3,4.7836,0.23437,0.16724,0.025219,29.75
2,2,0.4,5.1439,0.24207,0.17948,0.13642,26.938
2,2,0.5,5.1138,0.24161,0.21973,0.21331,26.375
2,2,0.6,4.3673,0.2623,0.10873,0.031846,29.062
2,2,0.7,5.0656,0.24108,0.22514,0.20303,26.312
2,2,0.8,4.5884,0.25489,0.23451,0.16822,27.188
2,2,0.9,5.1214,0.25229,0.21309,0.24175,25.938
2,3,0.1,5.2508,0.23859,0.20928,0.19279,26.938
2,3,0.2,5.2214,0.23336,0.21451,0.1723,27.625
2,3,0.3,5.2856,0.23318,0.23498,0.19162,27.125
2,3,0.4,4.7615,0.24065,0.18905,0.09051,29.125
2,3,0.5,5.1327,0.2538,0.2042,0.24842,26.188
2,3,0.6,5.3896,0.22907,0.19767,0.12811,28.562
2,3,0.7,5.3563,0.23273,0.21069,0.1486,28.125
2,3,0.8,5.3744,0.23179,0.20355,0.15065,28.125
2,3,0.9,5.3128,0.23628,0.20032,0.14777,27.75
2,4,0.1,5.139,0.23624,0.18553,0.064942,29.625
2,4,0.2,5.5822,0.23629,0.16616,0.092379,29.062
2,4,0.3,5.3607,0.2287,0.15278,-0.022956,30.812
2,4,0.4,5.5973,0.23059,0.12592,-0.032258,31
2,4,0.5,5.2267,0.23923,0.17005,0.080906,29.062
2,4,0.6,5.6098,0.23284,0.18904,0.11799,28.5
2,4,0.7,5.4349,0.2378,0.19526,0.1412,28
2,4,0.8,5.1213,0.23435,0.1613,0.067338,29.312
2,4,0.9,5.5999,0.23885,0.20458,0.18916,27.188
2,5,0.1,4.5007,0.27198,0.072929,-0.032258,31
2,5,0.2,4.8988,0.25554,0.095193,-0.032258,31
2,5,0.3,5.0973,0.24891,0.095649,-0.032258,31
2,5,0.4,4.7871,0.25935,0.083601,-0.032258,31
2,5,0.5,5.2498,0.2423,0.10888,-0.029147,30.938
2,5,0.6,5.1745,0.2439,0.10997,-0.032258,31
2,5,0.7,5.1656,0.23462,0.15181,-0.026452,30.875
2,5,0.8,4.5287,0.26988,0.076217,-0.032258,31
2,5,0.9,4.4468,0.27441,0.063277,-0.032258,31
2,6,0.1,3.9826,0.29756,0.038545,-0.032258,31
2,6,0.2,3.6129,0.31415,0.034963,-0.032258,31
2,6,0.3,3.5503,0.31899,0.028953,-0.032258,31
2,6,0.4,3.8548,0.30743,0.025591,-0.032258,31
2,6,0.5,3.4797,0.32398,0.024822,-0.032258,31
2,6,0.6,3.4405,0.32463,0.02859,-0.032258,31
2,6,0.7,3.8254,0.30454,0.039619,-0.032258,31
2,6,0.8,3.6737,0.31205,0.03609,-0.032258,31
2,6,0.9,3.197,0.33984,0.018445,-0.032258,31
2,7,0.1,3.1291,0.34471,0.024437,-0.032258,31
2,7,0.2,2.9844,0.35119,0.024946,-0.032258,31
2,7,0.3,3.0789,0.34683,0.015541,-0.032258,31
2,7,0.4,2.9937,0.35282,0.0093676,-0.032258,31
2,7,0.5,3.0895,0.3462,0.019018,-0.032258,31
2,7,0.6,3.1621,0.34441,0.015811,-0.032258,31
2,7,0.7,2.9667,0.35404,0.00432,-0.032258,31
2,7,0.8,2.9979,0.34955,0.009072,-0.032258,31
2,7,0.9,3.2251,0.33996,0.012378,-0.032258,31
2,8,0.1,2.8062,0.36641,0.0029169,-0.032258,31
2,8,0.2,2.8662,0.36406,0.014382,-0.032258,31
2,8,0.3,2.8821,0.36225,0.0045238,-0.032258,31
2,8,0.4,2.8709,0.36065,0.004812,-0.032258,31
2,8,0.5,2.7959,0.36664,0.0034302,-0.032258,31
2,8,0.6,2.7551,0.36919,7.5081e-18,-0.032258,31
2,8,0.7,2.7931,0.36731,0.0034514,-0.032258,31
2,8,0.8,2.787,0.36642,2.1474e-17,-0.032258,31
2,8,0.9,2.9358,0.35763,0.0004706,-0.032258,31
2,9,0.1,2.6738,0.3796,-2.9504e-16,-0.032258,31
2,9,0.2,2.7246,0.37347,-9.2899e-17,-0.032258,31
2,9,0.3,2.721,0.37332,-1.2449e-16,-0.032258,31
2,9,0.4,2.781,0.36888,-3.2302e-17,-0.032258,31
2,9,0.5,2.6851,0.37613,2.2715e-16,-0.032258,31
2,9,0.6,2.7196,0.37188,1.9885e-16,-0.032258,31
2,9,0.7,2.7084,0.37317,1.7921e-16,-0.032258,31
2,9,0.8,2.7317,0.37018,2.7286e-16,-0.032258,31
2,9,0.9,2.7124,0.37194,9.0944e-17,-0.032258,31
2,10,0.1,2.649,0.38129,-2.8584e-16,-0.032258,31
2,10,0.2,2.649,0.37977,9.4109e-17,-0.032258,31
2,10,0.3,2.6361,0.3807,-3.371e-17,-0.032258,31
2,10,0.4,2.6743,0.37683,-1.3069e-16,-0.032258,31
2,10,0.5,2.658,0.37843,-9.7287e-17,-0.032258,31
2,10,0.6,2.6691,0.37706,-4.2216e-18,-0.032258,31
2,10,0.7,2.6731,0.37696,1.4969e-16,-0.032258,31
2,10,0.8,2.6699,0.37731,-1.3554e-16,-0.032258,31
2,10,0.9,2.6783,0.37706,-2.5082e-17,-0.032258,31
2,11,0.1,2.6201,0.38323,-1.3834e-16,-0.032258,31
2,11,0.2,2.5986,0.38671,-5.1587e-17,-0.032258,31
2,11,0.3,2.628,0.38271,-2.3605e-16,-0.032258,31
2,11,0.4,2.6619,0.37741,2.4466e-17,-0.032258,31
2,11,0.5,2.6173,0.38301,1.9294e-16,-0.032258,31
2,11,0.6,2.6137,0.38443,1.0144e-16,-0.032258,31
2,11,0.7,2.6269,0.3819,-1.3717e-16,-0.032258,31
2,11,0.8,2.6433,0.37992,-4.7393e-17,-0.032258,31
2,11,0.9,2.6428,0.37899,-7.047e-17,-0.032258,31
2,12,0.1,2.5933,0.38679,-1.1246e-16,-0.032258,31
2,12,0.2,2.605,0.38456,-1.9018e-16,-0.032258,31
2,12,0.3,2.6053,0.38471,-1.3877e-16,-0.032258,31
2,12,0.4,2.6165,0.38336,4.6031e-17,-0.032258,31
2,12,0.5,2.6145,0.38321,-5.4173e-17,-0.032258,31
2,12,0.6,2.6099,0.38383,1.6195e-16,-0.032258,31
2,12,0.7,2.6221,0.38212,1.1558e-16,-0.032258,31
2,12,0.8,2.5852,0.38789,-6.5228e-17,-0.032258,31
2,12,0.9,2.5827,0.38801,-1.659e-16,-0.032258,31
2,13,0.1,2.5812,0.38778,-7.0294e-17,-0.032258,31
2,13,0.2,2.5989,0.38509,8.4622e-17,-0.032258,31
2,13,0.3,2.5724,0.38921,-6.7139e-17,-0.032258,31
2,13,0.4,2.5989,0.38539,1.2821e-17,-0.032258,31
2,13,0.5,2.5862,0.38705,-7.4715e-17,-0.032258,31
2,13,0.6,2.5859,0.38709,6.5784e-17,-0.032258,31
2,13,0.7,2.6111,0.38335,2.9886e-16,-0.032258,31
2,13,0.8,2.5724,0.38925,2.3352e-16,-0.032258,31
2,13,0.9,2.6024,0.38476,-1.6654e-16,-0.032258,31
2,14,0.1,2.5458,0.39309,2.83e-16,-0.032258,31
2,14,0.2,2.5908,0.38637,-2.3107e-18,-0.032258,31
2,14,0.3,2.5538,0.39203,-2.127e-16,-0.032258,31
2,14,0.4,2.5819,0.38774,-2.9168e-16,-0.032258,31
2,14,0.5,2.5811,0.38772,-1.0355e-16,-0.032258,31
2,14,0.6,2.554,0.39193,1.7922e-16,-0.032258,31
2,14,0.7,2.5911,0.38628,4.3639e-18,-0.032258,31
2,14,0.8,2.552,0.3922,6.5818e-17,-0.032258,31
2,14,0.9,2.5771,0.38838,1.3868e-16,-0.032258,31
2,15,0.1,2.5448,0.39322,2.5356e-16,-0.032258,31
2,15,0.2,2.573,0.38899,3.9585e-16,-0.032258,31
2,15,0.3,2.5444,0.39329,1.5545e-17,-0.032258,31
2,15,0.4,2.5383,0.39429,-1.107e-16,-0.032258,31
2,15,0.5,2.5642,0.39014,1.4101e-16,-0.032258,31
2,15,0.6,2.5755,0.38866,1.3552e-16,-0.032258,31
2,15,0.7,2.5405,0.3938,-1.7842e-16,-0.032258,31
2,15,0.8,2.5627,0.39055,-3.8067e-16,-0.032258,31
2,15,0.9,2.5412,0.39375,5.5559e-17,-0.032258,31
2,16,0.1,2.5207,0.39695,-1.4176e-16,-0.032258,31
2,16,0.2,2.5329,0.39493,-1.5255e-16,-0.032258,31
2,16,0.3,2.5902,0.3864,3.5516e-16,-0.032258,31
2,16,0.4,2.5435,0.39332,1.9014e-17,-0.032258,31
2,16,0.5,2.5367,0.3944,2.0049e-16,-0.032258,31
2,16,0.6,2.5362,0.39454,1.3219e-16,-0.032258,31
2,16,0.7,2.5456,0.39311,2.7552e-17,-0.032258,31
2,16,0.8,2.5109,0.39853,4.904e-17,-0.032258,31
2,16,0.9,2.5314,0.3952,7.1015e-18,-0.032258,31
2,17,0.1,2.5433,0.39344,2.973e-16,-0.032258,31
2,17,0.2,2.5381,0.39416,-8.7387e-17,-0.032258,31
2,17,0.3,2.5295,0.39554,-2.4756e-16,-0.032258,31
2,17,0.4,2.5464,0.39289,2.0436e-16,-0.032258,31
2,17,0.5,2.5146,0.39789,1.7055e-16,-0.032258,31
2,17,0.6,2.5418,0.39366,-2.366e-16,-0.032258,31
2,17,0.7,2.5193,0.39702,-1.178e-16,-0.032258,31
2,17,0.8,2.5201,0.39697,-5.9042e-17,-0.032258,31
2,17,0.9,2.5276,0.39587,1.0594e-16,-0.032258,31
2,18,0.1,2.5324,0.39504,-2.2111e-17,-0.032258,31
2,18,0.2,2.5135,0.39806,1.0558e-16,-0.032258,31
2,18,0.3,2.5155,0.3977,-5.1445e-17,-0.032258,31
2,18,0.4,2.5291,0.39551,-6.943e-17,-0.032258,31
2,18,0.5,2.4957,0.40081,-1.5001e-16,-0.032258,31
2,18,0.6,2.5147,0.39785,-2.8264e-17,-0.032258,31
2,18,0.7,2.5143,0.39787,3.4856e-16,-0.032258,31
2,18,0.8,2.5172,0.39745,8.8525e-17,-0.032258,31
2,18,0.9,2.5424,0.39355,9.4187e-17,-0.032258,31
2,19,0.1,2.4814,0.40311,-2.2982e-17,-0.032258,31
2,19,0.2,2.49,0.40181,1.2085e-16,-0.032258,31
2,19,0.3,2.4918,0.40141,2.2381e-16,-0.032258,31
2,19,0.4,2.5202,0.39694,1.1195e-16,-0.032258,31
2,19,0.5,2.4917,0.40144,-7.9818e-17,-0.032258,31
2,19,0.6,2.5081,0.39889,-2.0601e-16,-0.032258,31
2,19,0.7,2.4903,0.40175,2.6631e-18,-0.032258,31
2,19,0.8,2.5078,0.39888,-3.2817e-17,-0.032258,31
2,19,0.9,2.5018,0.39999,5.3675e-17,-0.032258,31
2,20,0.1,2.4777,0.4037,6.2003e-17,-0.032258,31
2,20,0.2,2.4985,0.40042,-6.8711e-18,-0.032258,31
2,20,0.3,2.4981,0.40048,-9.272e-17,-0.032258,31
2,20,0.4,2.531,0.39529,9.6419e-17,-0.032258,31
2,20,0.5,2.5072,0.39894,-1.7293e-17,-0.032258,31
2,20,0.6,2.5074,0.39897,8.3328e-17,-0.032258,31
2,20,0.7,2.4937,0.40111,-7.1246e-17,-0.032258,31
2,20,0.8,2.4824,0.40302,3.9543e-17,-0.032258,31
2,20,0.9,2.5202,0.39691,6.6296e-17,-0.032258,31
4,2,0.1,5.4526,0.23189,0.15989,0.015258,30.125
4,2,0.2,5.6108,0.23448,0.17898,0.11848,28.375
4,2,0.3,4.9782,0.24687,0.14066,0.020757,30.25
4,2,0.4,5.4692,0.2277,0.18424,0.090589,29.125
4,2,0.5,5.1826,0.24502,0.19531,0.10774,27.688
4,2,0.6,5.3496,0.23286,0.13609,-0.0068017,30.5
4,2,0.7,5.4811,0.23164,0.16551,0.062972,29.438
4,2,0.8,5.2405,0.23416,0.12505,-0.032258,31
4,2,0.9,5.345,0.23188,0.21132,0.11894,28.688
4,3,0.1,3.4716,0.32065,0.039084,-0.032258,31
4,3,0.2,3.37,0.32665,0.027941,-0.032258,31
4,3,0.3,3.4596,0.32096,0.048515,-0.032258,31
4,3,0.4,3.3967,0.32828,0.023004,-0.032258,31
4,3,0.5,3.1892,0.33775,0.035456,-0.032258,31
4,3,0.6,3.2814,0.33414,0.023403,-0.032258,31
4,3,0.7,3.373,0.32725,0.033362,-0.032258,31
4,3,0.8,3.7769,0.309,0.043897,-0.032258,31
4,3,0.9,4.1171,0.29123,0.045923,-0.032258,31
4,4,0.1,2.7722,0.3687,0.0029721,-0.032258,31
4,4,0.2,2.7791,0.3685,0.0036482,-0.032258,31
4,4,0.3,2.7137,0.37274,-1.2556e-16,-0.032258,31
4,4,0.4,2.7788,0.36791,0.0032907,-0.032258,31
4,4,0.5,2.8556,0.36395,0.0065113,-0.032258,31
4,4,0.6,2.8696,0.35984,0.0083942,-0.032258,31
4,4,0.7,2.8332,0.36233,0.0054349,-0.032258,31
4,4,0.8,2.8384,0.36347,0.0065701,-0.032258,31
4,4,0.9,2.8266,0.36439,0.0013993,-0.032258,31
4,5,0.1,2.6536,0.37978,1.553e-16,-0.032258,31
4,5,0.2,2.6465,0.38019,-1.6617e-16,-0.032258,31
4,5,0.3,2.65,0.37896,1.8e-16,-0.032258,31
4,5,0.4,2.7062,0.37372,2.8031e-16,-0.032258,31
4,5,0.5,2.6423,0.37991,2.5658e-16,-0.032258,31
4,5,0.6,2.6361,0.38093,-2.0871e-17,-0.032258,31
4,5,0.7,2.6545,0.37909,-4.3283e-17,-0.032258,31
4,5,0.8,2.6469,0.37946,-2.2904e-17,-0.032258,31
4,5,0.9,2.6818,0.37551,-1.0301e-16,-0.032258,31
4,6,0.1,2.5861,0.38717,9.6223e-17,-0.032258,31
4,6,0.2,2.6167,0.38333,-7.9984e-17,-0.032258,31
4,6,0.3,2.5756,0.38878,-1.6658e-16,-0.032258,31
4,6,0.4,2.592,0.38672,-1.6909e-16,-0.032258,31
4,6,0.5,2.6053,0.38445,-5.873e-17,-0.032258,31
4,6,0.6,2.5754,0.38862,3.9132e-16,-0.032258,31
4,6,0.7,2.5968,0.3862,4.3026e-17,-0.032258,31
4,6,0.8,2.5801,0.38853,1.4207e-16,-0.032258,31
4,6,0.9,2.5876,0.38707,1.0079e-16,-0.032258,31
4,7,0.1,2.5452,0.39333,-1.1703e-17,-0.032258,31
4,7,0.2,2.5644,0.39024,-1.0013e-16,-0.032258,31
4,7,0.3,2.5904,0.38652,2.331e-17,-0.032258,31
4,7,0.4,2.5475,0.39302,1.5026e-16,-0.032258,31
4,7,0.5,2.5725,0.38923,2.0739e-16,-0.032258,31
4,7,0.6,2.5745,0.38888,-2.8585e-16,-0.032258,31
4,7,0.7,2.5586,0.39145,5.8486e-17,-0.032258,31
4,7,0.8,2.5548,0.39197,-1.5775e-16,-0.032258,31
4,7,0.9,2.5586,0.39109,2.3623e-16,-0.032258,31
4,8,0.1,2.5151,0.39787,-2.4266e-17,-0.032258,31
4,8,0.2,2.5165,0.39761,3.6524e-18,-0.032258,31
4,8,0.3,2.5433,0.39347,5.2604e-17,-0.032258,31
4,8,0.4,2.5683,0.38961,-1.6567e-16,-0.032258,31
4,8,0.5,2.5395,0.39404,-1.9141e-16,-0.032258,31
4,8,0.6,2.5331,0.39499,-1.9659e-16,-0.032258,31
4,8,0.7,2.5585,0.39114,-3.6239e-17,-0.032258,31
4,8,0.8,2.5242,0.39644,-2.1332e-16,-0.032258,31
4,8,0.9,2.5269,0.39593,4.7688e-16,-0.032258,31
4,9,0.1,2.5012,0.39995,1.9269e-16,-0.032258,31
4,9,0.2,2.4947,0.40109,1.0404e-16,-0.032258,31
4,9,0.3,2.5235,0.39638,6.5384e-17,-0.032258,31
4,9,0.4,2.5098,0.39864,1.685e-16,-0.032258,31
4,9,0.5,2.5035,0.39963,1.1417e-16,-0.032258,31
4,9,0.6,2.5077,0.39888,8.8091e-17,-0.032258,31
4,9,0.7,2.5113,0.39831,-9.1019e-17,-0.032258,31
4,9,0.8,2.5255,0.39612,3.6195e-17,-0.032258,31
4,9,0.9,2.497,0.40062,2.0154e-16,-0.032258,31
4,10,0.1,2.4744,0.40424,-8.7278e-18,-0.032258,31
4,10,0.2,2.4717,0.4047,-7.3109e-17,-0.032258,31
4,10,0.3,2.5134,0.39802,1.6183e-16,-0.032258,31
4,10,0.4,2.5061,0.39917,4.0909e-16,-0.032258,31
4,10,0.5,2.4774,0.40378,1.4797e-16,-0.032258,31
4,10,0.6,2.4985,0.40035,-3.3515e-17,-0.032258,31
4,10,0.7,2.5234,0.39641,2.8435e-16,-0.032258,31
4,10,0.8,2.4559,0.40729,1.5202e-16,-0.032258,31
4,10,0.9,2.5023,0.39971,1.1942e-16,-0.032258,31
4,11,0.1,2.4833,0.40279,-6.0011e-17,-0.032258,31
4,11,0.2,2.4623,0.40623,-1.4672e-16,-0.032258,31
4,11,0.3,2.4659,0.40571,2.8035e-16,-0.032258,31
4,11,0.4,2.4742,0.40427,-2.0044e-16,-0.032258,31
4,11,0.5,2.4857,0.40243,-1.2605e-16,-0.032258,31
4,11,0.6,2.4654,0.40572,1.7145e-16,-0.032258,31
4,11,0.7,2.4827,0.40293,-1.0194e-16,-0.032258,31
4,11,0.8,2.4806,0.40331,-4.6912e-17,-0.032258,31
4,11,0.9,2.4755,0.40413,1.1465e-16,-0.032258,31
4,12,0.1,2.4149,0.41421,-1.4145e-16,-0.032258,31
4,12,0.2,2.4592,0.40673,-6.0105e-17,-0.032258,31
4,12,0.3,2.456,0.40734,9.564e-17,-0.032258,31
4,12,0.4,2.467,0.4055,1.0724e-16,-0.032258,31
4,12,0.5,2.4568,0.40714,2.373e-16,-0.032258,31
4,12,0.6,2.4578,0.40709,-3.2175e-16,-0.032258,31
4,12,0.7,2.4391,0.41011,-4.4066e-17,-0.032258,31
4,12,0.8,2.4741,0.40429,2.2892e-16,-0.032258,31
4,12,0.9,2.4476,0.40869,3.9424e-17,-0.032258,31
4,13,0.1,2.4227,0.41292,9.4563e-17,-0.032258,31
4,13,0.2,2.4377,0.41035,1.0622e-16,-0.032258,31
4,13,0.3,2.4096,0.41511,1.7973e-16,-0.032258,31
4,13,0.4,2.4523,0.40785,3.443e-16,-0.032258,31
4,13,0.5,2.4433,0.40936,-1.7775e-16,-0.032258,31
4,13,0.6,2.4213,0.41308,1.5971e-16,-0.032258,31
4,13,0.7,2.4499,0.40825,5.1273e-17,-0.032258,31
4,13,0.8,2.4141,0.41437,2.2426e-16,-0.032258,31
4,13,0.9,2.4616,0.40635,3.4383e-17,-0.032258,31
4,14,0.1,2.4153,0.41412,2.7451e-17,-0.032258,31
4,14,0.2,2.4118,0.41474,1.4688e-16,-0.032258,31
4,14,0.3,2.4083,0.41534,2.3165e-16,-0.032258,31
4,14,0.4,2.4047,0.41598,-2.1905e-16,-0.032258,31
4,14,0.5,2.4278,0.41203,-6.2318e-17,-0.032258,31
4,14,0.6,2.3799,0.42028,1.2452e-16,-0.032258,31
4,14,0.7,2.3994,0.41693,-8.4571e-17,-0.032258,31
4,14,0.8,2.3802,0.42027,-3.5326e-16,-0.032258,31
4,14,0.9,2.4164,0.41394,1.2664e-16,-0.032258,31
4,15,0.1,2.3243,0.43041,3.3549e-16,-0.032258,31
4,15,0.2,2.3453,0.42654,1.3e-17,-0.032258,31
4,15,0.3,2.382,0.41993,-2.2682e-16,-0.032258,31
4,15,0.4,2.3744,0.42128,-4.9284e-17,-0.032258,31
4,15,0.5,2.3694,0.42216,1.8227e-16,-0.032258,31
4,15,0.6,2.3585,0.42409,1.6287e-17,-0.032258,31
4,15,0.7,2.3718,0.42184,2.3402e-17,-0.032258,31
4,15,0.8,2.3466,0.42624,-2.4063e-16,-0.032258,31
4,15,0.9,2.3888,0.41874,-3.1513e-16,-0.032258,31
4,16,0.1,2.2993,0.43505,2.1204e-16,-0.032258,31
4,16,0.2,2.2839,0.438,3.8989e-16,-0.032258,31
4,16,0.3,2.2785,0.43903,-7.1256e-17,-0.032258,31
4,16,0.4,2.2964,0.43562,-1.1414e-16,-0.032258,31
4,16,0.5,2.2657,0.44153,-9.9537e-17,-0.032258,31
4,16,0.6,2.2995,0.43504,-1.7279e-18,-0.032258,31
4,16,0.7,2.2802,0.43865,8.5306e-17,-0.032258,31
4,16,0.8,2.2711,0.44041,4.9792e-17,-0.032258,31
4,16,0.9,2.3126,0.43263,6.2663e-17,-0.032258,31
4,17,0.1,2.2153,0.45151,3.4491e-18,-0.032258,31
4,17,0.2,2.2377,0.44703,-3.525e-17,-0.032258,31
4,17,0.3,2.2192,0.45071,-7.7453e-18,-0.032258,31
4,17,0.4,2.2238,0.44987,-2.2633e-18,-0.032258,31
4,17,0.5,2.2253,0.44951,-2.1401e-16,-0.032258,31
4,17,0.6,2.2199,0.45063,-3.5304e-18,-0.032258,31
4,17,0.7,2.2277,0.44899,-1.6721e-16,-0.032258,31
4,17,0.8,2.2211,0.45041,2.3304e-17,-0.032258,31
4,17,0.9,2.2184,0.45087,-9.9055e-17,-0.032258,31
4,18,0.1,2.1414,0.46712,2.0338e-16,-0.032258,31
4,18,0.2,2.1491,0.46543,9.4786e-17,-0.032258,31
4,18,0.3,2.1425,0.46686,-8.2288e-17,-0.032258,31
4,18,0.4,2.1485,0.46559,-1.3255e-16,-0.032258,31
4,18,0.5,2.1469,0.46604,3.8905e-16,-0.032258,31
4,18,0.6,2.1527,0.4647,2.9782e-17,-0.032258,31
4,18,0.7,2.1646,0.46212,-2.5463e-16,-0.032258,31
4,18,0.8,2.1488,0.46551,9.5867e-17,-0.032258,31
4,18,0.9,2.1684,0.4613,-4.6495e-17,-0.032258,31
4,19,0.1,2.0764,0.48179,-1.3185e-16,-0.032258,31
4,19,0.2,2.068,0.48369,-1.5219e-17,-0.032258,31
4,19,0.3,2.0608,0.48538,8.5469e-17,-0.032258,31
4,19,0.4,2.0789,0.48117,2.4311e-16,-0.032258,31
4,19,0.5,2.066,0.48416,1.9368e-16,-0.032258,31
4,19,0.6,2.075,0.48212,2.2671e-16,-0.032258,31
4,19,0.7,2.0608,0.48544,-1.1294e-16,-0.032258,31
4,19,0.8,2.0805,0.48088,1.7262e-16,-0.032258,31
4,19,0.9,2.0618,0.48509,-9.6325e-18,-0.032258,31
4,20,0.1,1.9966,0.50098,-9.4451e-17,-0.032258,31
4,20,0.2,1.9974,0.50077,7.0615e-17,-0.032258,31
4,20,0.3,1.9769,0.50599,2.7478e-17,-0.032258,31
4,20,0.4,1.9853,0.50382,-1.7172e-16,-0.032258,31
4,20,0.5,1.9957,0.50127,-1.6576e-16,-0.032258,31
4,20,0.6,2.0021,0.49959,1.5446e-16,-0.032258,31
4,20,0.7,1.9779,0.5058,-1.0279e-16,-0.032258,31
4,20,0.8,1.9851,0.50393,1.3265e-16,-0.032258,31
4,20,0.9,1.9994,0.50038,5.297e-17,-0.032258,31
6,2,0.1,3.2744,0.33493,0.029681,-0.032258,31
6,2,0.2,3.5426,0.31504,0.037488,-0.032258,31
6,2,0.3,3.7266,0.31009,0.03308,-0.032258,31
6,2,0.4,3.71,0.30638,0.05224,-0.032258,31
6,2,0.5,3.8099,0.30253,0.0439,-0.032258,31
6,2,0.6,3.7587,0.30822,0.037384,-0.032258,31
6,2,0.7,3.9576,0.2949,0.059543,-0.032258,31
6,2,0.8,3.9073,0.29828,0.051737,-0.032258,31
6,2,0.9,3.5197,0.32032,0.038298,-0.032258,31
6,3,0.1,2.6744,0.37784,-6.0902e-17,-0.032258,31
6,3,0.2,2.6978,0.37667,-5.0505e-17,-0.032258,31
6,3,0.3,2.74,0.37129,5.9367e-17,-0.032258,31
6,3,0.4,2.6954,0.37494,6.8298e-17,-0.032258,31
6,3,0.5,2.6819,0.3766,2.8962e-17,-0.032258,31
6,3,0.6,2.7191,0.37208,-9.5532e-17,-0.032258,31
6,3,0.7,2.6841,0.37617,-1.5755e-16,-0.032258,31
6,3,0.8,2.7064,0.37464,-1.6493e-16,-0.032258,31
6,3,0.9,2.689,0.37716,-6.3673e-17,-0.032258,31
6,4,0.1,2.571,0.38988,9.5545e-18,-0.032258,31
6,4,0.2,2.6287,0.38099,-1.231e-16,-0.032258,31
6,4,0.3,2.6064,0.38498,-2.2952e-16,-0.032258,31
6,4,0.4,2.5805,0.38796,1.2474e-16,-0.032258,31
6,4,0.5,2.585,0.38741,3.4251e-16,-0.032258,31
6,4,0.6,2.6148,0.38325,-8.8993e-17,-0.032258,31
6,4,0.7,2.5948,0.38608,-5.3759e-17,-0.032258,31
6,4,0.8,2.5773,0.38894,-3.815e-17,-0.032258,31
6,4,0.9,2.6108,0.38371,-1.3513e-16,-0.032258,31
6,5,0.1,2.5539,0.39182,1.4947e-16,-0.032258,31
6,5,0.2,2.5374,0.39459,2.4642e-16,-0.032258,31
6,5,0.3,2.548,0.39278,6.8101e-17,-0.032258,31
6,5,0.4,2.5416,0.3941,1.3006e-16,-0.032258,31
6,5,0.5,2.5548,0.39161,-7.0812e-17,-0.032258,31
6,5,0.6,2.5677,0.38993,1.7313e-17,-0.032258,31
6,5,0.7,2.5878,0.3867,9.9387e-17,-0.032258,31
6,5,0.8,2.5446,0.39319,1.746e-16,-0.032258,31
6,5,0.9,2.5559,0.39146,1.0836e-16,-0.032258,31
6,6,0.1,2.5208,0.39683,-1.7807e-16,-0.032258,31
6,6,0.2,2.5041,0.39954,-4.122e-17,-0.032258,31
6,6,0.3,2.5117,0.3983,5.4705e-17,-0.032258,31
6,6,0.4,2.5112,0.39839,-1.9503e-16,-0.032258,31
6,6,0.5,2.4761,0.40398,1.3392e-16,-0.032258,31
6,6,0.6,2.5127,0.3981,1.0334e-16,-0.032258,31
6,6,0.7,2.5007,0.4001,3.0375e-17,-0.032258,31
6,6,0.8,2.5293,0.39558,-6.2186e-17,-0.032258,31
6,6,0.9,2.5042,0.39954,-1.47e-16,-0.032258,31
6,7,0.1,2.4533,0.40772,-5.7388e-17,-0.032258,31
6,7,0.2,2.5049,0.3994,8.0793e-17,-0.032258,31
6,7,0.3,2.4828,0.4029,-2.6277e-16,-0.032258,31
6,7,0.4,2.4901,0.40171,-2.3127e-17,-0.032258,31
6,7,0.5,2.4769,0.40386,1.4244e-16,-0.032258,31
6,7,0.6,2.4967,0.40066,-1.8272e-16,-0.032258,31
6,7,0.7,2.4795,0.40341,-2.3411e-16,-0.032258,31
6,7,0.8,2.4913,0.40149,2.2706e-16,-0.032258,31
6,7,0.9,2.4811,0.40315,-2.2276e-16,-0.032258,31
6,8,0.1,2.4332,0.41109,-6.5127e-17,-0.032258,31
6,8,0.2,2.4369,0.41046,-1.0883e-17,-0.032258,31
6,8,0.3,2.4901,0.40172,-1.6216e-17,-0.032258,31
6,8,0.4,2.4747,0.40425,-1.1144e-17,-0.032258,31
6,8,0.5,2.4536,0.4077,5.7036e-17,-0.032258,31
6,8,0.6,2.4512,0.40809,-2.1506e-16,-0.032258,31
6,8,0.7,2.4366,0.41052,7.6565e-17,-0.032258,31
6,8,0.8,2.4519,0.40795,-2.7302e-17,-0.032258,31
6,8,0.9,2.4639,0.406,-4.8054e-17,-0.032258,31
6,9,0.1,2.3895,0.41857,3.0751e-17,-0.032258,31
6,9,0.2,2.3959,0.41754,-3.4593e-18,-0.032258,31
6,9,0.3,2.4286,0.41186,1.4155e-16,-0.032258,31
6,9,0.4,2.4486,0.40849,9.2266e-17,-0.032258,31
6,9,0.5,2.4246,0.41253,-3.647e-17,-0.032258,31
6,9,0.6,2.4041,0.41605,8.2128e-18,-0.032258,31
6,9,0.7,2.4326,0.41125,3.4412e-16,-0.032258,31
6,9,0.8,2.4284,0.412,-5.8171e-17,-0.032258,31
6,9,0.9,2.434,0.41095,-1.2951e-16,-0.032258,31
6,10,0.1,2.3366,0.42812,-2.0078e-16,-0.032258,31
6,10,0.2,2.3533,0.42505,-2.5139e-16,-0.032258,31
6,10,0.3,2.3484,0.42596,3.7608e-19,-0.032258,31
6,10,0.4,2.3771,0.42081,1.597e-16,-0.032258,31
6,10,0.5,2.3335,0.4287,-7.4061e-17,-0.032258,31
6,10,0.6,2.3719,0.42171,-2.9531e-17,-0.032258,31
6,10,0.7,2.3474,0.42614,-6.1779e-17,-0.032258,31
6,10,0.8,2.3455,0.42645,1.0802e-16,-0.032258,31
6,10,0.9,2.3614,0.42362,-1.0964e-16,-0.032258,31
6,11,0.1,2.2495,0.44469,5.6805e-17,-0.032258,31
6,11,0.2,2.2585,0.44289,2.9714e-17,-0.032258,31
6,11,0.3,2.2801,0.43871,5.1242e-17,-0.032258,31
6,11,0.4,2.2537,0.44384,3.4218e-16,-0.032258,31
6,11,0.5,2.2543,0.44376,3.7973e-16,-0.032258,31
6,11,0.6,2.2677,0.44109,-1.4196e-18,-0.032258,31
6,11,0.7,2.2494,0.44465,8.7617e-18,-0.032258,31
6,11,0.8,2.2465,0.44522,2.0548e-16,-0.032258,31
6,11,0.9,2.2571,0.44316,-1.3505e-17,-0.032258,31
6,12,0.1,2.138,0.46791,-2.9719e-16,-0.032258,31
6,12,0.2,2.1327,0.46898,8.4907e-17,-0.032258,31
6,12,0.3,2.1644,0.46221,1.9668e-16,-0.032258,31
6,12,0.4,2.1545,0.46434,-4.3416e-17,-0.032258,31
6,12,0.5,2.1347,0.46858,-1.4035e-16,-0.032258,31
6,12,0.6,2.1487,0.46554,1.795e-16,-0.032258,31
6,12,0.7,2.1367,0.46816,-3.1015e-17,-0.032258,31
6,12,0.8,2.1537,0.46444,1.9492e-16,-0.032258,31
6,12,0.9,2.1416,0.46705,2.5368e-16,-0.032258,31
6,13,0.1,2.0363,0.49123,3.3434e-17,-0.032258,31
6,13,0.2,2.0319,0.49232,1.7935e-16,-0.032258,31
6,13,0.3,2.0286,0.49313,7.256e-17,-0.032258,31
6,13,0.4,2.0444,0.48927,-2.8655e-16,-0.032258,31
6,13,0.5,2.0157,0.49627,5.4457e-17,-0.032258,31
6,13,0.6,2.033,0.49204,-1.8316e-16,-0.032258,31
6,13,0.7,2.0533,0.48716,3.8669e-17,-0.032258,31
6,13,0.8,2.0193,0.49534,5.2516e-17,-0.032258,31
6,13,0.9,2.0317,0.49232,2.0126e-18,-0.032258,31
6,14,0.1,1.9061,0.5248,-6.0343e-17,-0.032258,31
6,14,0.2,1.9208,0.52079,4.08e-17,-0.032258,31
6,14,0.3,1.9082,0.52423,-1.1919e-16,-0.032258,31
6,14,0.4,1.905,0.52502,-1.3456e-16,-0.032258,31
6,14,0.5,1.9013,0.52603,1.3881e-16,-0.032258,31
6,14,0.6,1.8947,0.52793,-2.3939e-16,-0.032258,31
6,14,0.7,1.9237,0.51998,4.5164e-17,-0.032258,31
6,14,0.8,1.9087,0.52412,-2.9264e-16,-0.032258,31
6,14,0.9,1.9212,0.52081,2.2506e-16,-0.032258,31
6,15,0.1,1.8053,0.5541,-4.021e-17,-0.032258,31
6,15,0.2,1.8114,0.55225,-9.6728e-17,-0.032258,31
6,15,0.3,1.7956,0.55707,4.3883e-17,-0.032258,31
6,15,0.4,1.8125,0.55196,-9.4858e-17,-0.032258,31
6,15,0.5,1.795,0.5573,-1.3986e-16,-0.032258,31
6,15,0.6,1.8234,0.54857,-8.4154e-17,-0.032258,31
6,15,0.7,1.804,0.55454,-1.1281e-16,-0.032258,31
6,15,0.8,1.815,0.55114,8.986e-17,-0.032258,31
6,15,0.9,1.817,0.55043,-1.977e-16,-0.032258,31
6,16,0.1,1.7164,0.58271,5.4576e-17,-0.032258,31
6,16,0.2,1.7121,0.58429,1.0301e-16,-0.032258,31
6,16,0.3,1.7243,0.58026,-9.5749e-17,-0.032258,31
6,16,0.4,1.7231,0.58057,2.0988e-16,-0.032258,31
6,16,0.5,1.7139,0.58365,-1.51e-16,-0.032258,31
6,16,0.6,1.6988,0.58884,1.4667e-16,-0.032258,31
6,16,0.7,1.7087,0.58539,-3.6863e-18,-0.032258,31
6,16,0.8,1.7192,0.58187,2.739e-16,-0.032258,31
6,16,0.9,1.7091,0.58522,5.1954e-17,-0.032258,31
6,17,0.1,1.6188,0.61798,1.5551e-16,-0.032258,31
6,17,0.2,1.6105,0.62109,-2.224e-16,-0.032258,31
6,17,0.3,1.6235,0.61619,3.9675e-18,-0.032258,31
6,17,0.4,1.6083,0.62196,-2.01e-16,-0.032258,31
6,17,0.5,1.6282,0.61447,-5.5918e-17,-0.032258,31
6,17,0.6,1.6251,0.61567,-2.1599e-16,-0.032258,31
6,17,0.7,1.6179,0.61819,8.7211e-17,-0.032258,31
6,17,0.8,1.6303,0.61356,1.8908e-16,-0.032258,31
6,17,0.9,1.6234,0.61622,3.4894e-16,-0.032258,31
6,18,0.1,1.5336,0.65221,2.9181e-16,-0.032258,31
6,18,0.2,1.5389,0.65003,1.4021e-16,-0.032258,31
6,18,0.3,1.5445,0.64765,-8.1657e-17,-0.032258,31
6,18,0.4,1.5336,0.65223,-1.5298e-16,-0.032258,31
6,18,0.5,1.5393,0.64983,4.4269e-17,-0.032258,31
6,18,0.6,1.5233,0.65662,2.8622e-16,-0.032258,31
6,18,0.7,1.5442,0.64774,-1.0715e-16,-0.032258,31
6,18,0.8,1.5239,0.65643,7.6694e-17,-0.032258,31
6,18,0.9,1.5285,0.65449,2.6262e-16,-0.032258,31
6,19,0.1,1.4557,0.68714,1.7394e-16,-0.032258,31
6,19,0.2,1.4668,0.68196,-1.6571e-16,-0.032258,31
6,19,0.3,1.4502,0.68977,4.9782e-17,-0.032258,31
6,19,0.4,1.4622,0.68409,1.8798e-16,-0.032258,31
6,19,0.5,1.4689,0.681,2.3141e-18,-0.032258,31
6,19,0.6,1.4689,0.68115,1.5214e-16,-0.032258,31
6,19,0.7,1.461,0.68467,1.4617e-16,-0.032258,31
6,19,0.8,1.4438,0.69287,-1.8308e-16,-0.032258,31
6,19,0.9,1.4577,0.68623,9.3682e-18,-0.032258,31
6,20,0.1,1.3911,0.71907,3.191e-16,-0.032258,31
6,20,0.2,1.3844,0.72261,1.1692e-16,-0.032258,31
6,20,0.3,1.3846,0.72242,7.9912e-17,-0.032258,31
6,20,0.4,1.3865,0.7214,1.5935e-16,-0.032258,31
6,20,0.5,1.3957,0.71673,1.6246e-16,-0.032258,31
6,20,0.6,1.3926,0.71835,1.7261e-16,-0.032258,31
6,20,0.7,1.4002,0.71427,-4.3863e-17,-0.032258,31
6,20,0.8,1.3873,0.72101,-6.3656e-17,-0.032258,31
6,20,0.9,1.4016,0.71364,8.5428e-17,-0.032258,31
8,2,0.1,2.7623,0.36845,0.0028629,-0.032258,31
8,2,0.2,2.8891,0.35855,0.0052666,-0.032258,31
8,2,0.3,2.8207,0.36456,-1.2221e-16,-0.032258,31
8,2,0.4,2.7124,0.37337,1.1383e-16,-0.032258,31
8,2,0.5,2.7249,0.371,2.1674e-16,-0.032258,31
8,2,0.6,2.7934,0.36564,-2.8184e-16,-0.032258,31
8,2,0.7,2.7317,0.37226,-4.0994e-16,-0.032258,31
8,2,0.8,2.7833,0.36794,0.0012073,-0.032258,31
8,2,0.9,2.8364,0.36154,0.0069793,-0.032258,31
8,3,0.1,2.5789,0.38872,-1.6472e-16,-0.032258,31
8,3,0.2,2.6444,0.37871,-2.1499e-16,-0.032258,31
8,3,0.3,2.5928,0.38656,-1.2796e-16,-0.032258,31
8,3,0.4,2.5867,0.38713,5.5301e-17,-0.032258,31
8,3,0.5,2.6157,0.38392,-1.135e-18,-0.032258,31
8,3,0.6,2.5892,0.38717,1.6525e-16,-0.032258,31
8,3,0.7,2.5958,0.38568,2.846e-18,-0.032258,31
8,3,0.8,2.6284,0.38119,5.2624e-17,-0.032258,31
8,3,0.9,2.6115,0.38357,-3.7134e-17,-0.032258,31
8,4,0.1,2.5371,0.39441,1.9796e-16,-0.032258,31
8,4,0.2,2.5406,0.39392,-2.1897e-16,-0.032258,31
8,4,0.3,2.5205,0.39694,-2.3265e-16,-0.032258,31
8,4,0.4,2.5423,0.39359,7.5718e-17,-0.032258,31
8,4,0.5,2.5315,0.39521,-1.1506e-17,-0.032258,31
8,4,0.6,2.5249,0.39627,2.001e-16,-0.032258,31
8,4,0.7,2.5403,0.3939,-6.9233e-17,-0.032258,31
8,4,0.8,2.5835,0.38724,1.0348e-16,-0.032258,31
8,4,0.9,2.5543,0.39177,2.9005e-16,-0.032258,31
8,5,0.1,2.5083,0.39879,3.0981e-16,-0.032258,31
8,5,0.2,2.5077,0.39891,1.2824e-16,-0.032258,31
8,5,0.3,2.4905,0.40164,2.2364e-16,-0.032258,31
8,5,0.4,2.5121,0.39816,-6.0824e-17,-0.032258,31
8,5,0.5,2.4988,0.40031,-8.4222e-17,-0.032258,31
8,5,0.6,2.4885,0.40199,2.4445e-16,-0.032258,31
8,5,0.7,2.5179,0.39729,-1.0199e-16,-0.032258,31
8,5,0.8,2.4926,0.40137,-1.3828e-16,-0.032258,31
8,5,0.9,2.51,0.39849,2.0257e-16,-0.032258,31
8,6,0.1,2.4512,0.40808,2.8515e-17,-0.032258,31
8,6,0.2,2.4713,0.40476,7.4437e-17,-0.032258,31
8,6,0.3,2.4619,0.40631,-2.9881e-16,-0.032258,31
8,6,0.4,2.4434,0.40933,-2.6985e-16,-0.032258,31
8,6,0.5,2.4495,0.4084,3.7113e-16,-0.032258,31
8,6,0.6,2.4469,0.40881,-6.6387e-17,-0.032258,31
8,6,0.7,2.43,0.41159,-1.2729e-16,-0.032258,31
8,6,0.8,2.4406,0.40989,-9.9201e-17,-0.032258,31
8,6,0.9,2.4415,0.40965,2.7762e-17,-0.032258,31
8,7,0.1,2.3915,0.41824,4.5963e-17,-0.032258,31
8,7,0.2,2.3963,0.41741,-3.1163e-16,-0.032258,31
8,7,0.3,2.4114,0.41481,-3.3217e-16,-0.032258,31
8,7,0.4,2.4174,0.41373,1.5818e-16,-0.032258,31
8,7,0.5,2.3969,0.41734,-4.3832e-17,-0.032258,31
8,7,0.6,2.3944,0.41774,7.9997e-17,-0.032258,31
8,7,0.7,2.4204,0.4133,-1.0237e-16,-0.032258,31
8,7,0.8,2.4107,0.41496,-1.719e-16,-0.032258,31
8,7,0.9,2.429,0.41182,1.0923e-16,-0.032258,31
8,8,0.1,2.2919,0.43642,2.3266e-16,-0.032258,31
8,8,0.2,2.313,0.43246,-1.3267e-16,-0.032258,31
8,8,0.3,2.2965,0.43557,5.0073e-17,-0.032258,31
8,8,0.4,2.3012,0.43466,1.6248e-16,-0.032258,31
8,8,0.5,2.29,0.43683,-2.4927e-16,-0.032258,31
8,8,0.6,2.3099,0.43303,3.1957e-16,-0.032258,31
8,8,0.7,2.3183,0.43151,1.1833e-16,-0.032258,31
8,8,0.8,2.3014,0.43463,-1.445e-16,-0.032258,31
8,8,0.9,2.3072,0.43352,7.891e-18,-0.032258,31
8,9,0.1,2.1542,0.46439,1.7942e-16,-0.032258,31
8,9,0.2,2.153,0.46456,-9.4793e-17,-0.032258,31
8,9,0.3,2.1381,0.4678,3.0833e-16,-0.032258,31
8,9,0.4,2.1441,0.46655,1.6557e-16,-0.032258,31
8,9,0.5,2.1561,0.46392,9.4868e-20,-0.032258,31
8,9,0.6,2.1445,0.46646,3.5122e-16,-0.032258,31
8,9,0.7,2.1469,0.46591,-1.8398e-17,-0.032258,31
8,9,0.8,2.1503,0.46522,3.1814e-16,-0.032258,31
8,9,0.9,2.1566,0.46379,4.5367e-17,-0.032258,31
8,10,0.1,1.974,0.50676,8.9494e-17,-0.032258,31
8,10,0.2,1.9963,0.50108,7.9499e-17,-0.032258,31
8,10,0.3,2.0119,0.49719,8.8769e-18,-0.032258,31
8,10,0.4,1.9916,0.50228,1.4563e-16,-0.032258,31
8,10,0.5,1.9858,0.50372,-1.8809e-16,-0.032258,31
8,10,0.6,2.001,0.49996,4.2623e-17,-0.032258,31
8,10,0.7,2.0004,0.49997,2.2712e-16,-0.032258,31
8,10,0.8,1.9956,0.5012,-1.5037e-16,-0.032258,31
8,10,0.9,2.0036,0.49937,1.6281e-16,-0.032258,31
8,11,0.1,1.8477,0.54141,3.6321e-16,-0.032258,31
8,11,0.2,1.8341,0.54547,-2.2172e-17,-0.032258,31
8,11,0.3,1.843,0.54269,-2.3083e-17,-0.032258,31
8,11,0.4,1.8387,0.54401,2.5431e-17,-0.032258,31
8,11,0.5,1.8447,0.54224,-1.0344e-16,-0.032258,31
8,11,0.6,1.8515,0.54029,3.1167e-17,-0.032258,31
8,11,0.7,1.8404,0.54355,6.0685e-17,-0.032258,31
8,11,0.8,1.8555,0.53904,-2.5963e-16,-0.032258,31
8,11,0.9,1.8406,0.54346,-1.5467e-16,-0.032258,31
8,12,0.1,1.7049,0.58671,-1.206e-16,-0.032258,31
8,12,0.2,1.7242,0.58034,-1.2145e-16,-0.032258,31
8,12,0.3,1.6943,0.59048,1.6166e-16,-0.032258,31
8,12,0.4,1.7231,0.58056,5.9631e-17,-0.032258,31
8,12,0.5,1.7178,0.58236,-1.0856e-16,-0.032258,31
8,12,0.6,1.7108,0.58471,-2.0006e-16,-0.032258,31
8,12,0.7,1.7078,0.58571,-2.1278e-16,-0.032258,31
8,12,0.8,1.7126,0.58407,9.8523e-17,-0.032258,31
8,12,0.9,1.7122,0.58423,-1.0781e-17,-0.032258,31
8,13,0.1,1.5738,0.63554,9.1554e-17,-0.032258,31
8,13,0.2,1.591,0.62883,1.1558e-16,-0.032258,31
8,13,0.3,1.5858,0.63076,1.9293e-16,-0.032258,31
8,13,0.4,1.5827,0.6321,-8.9345e-17,-0.032258,31
8,13,0.5,1.5924,0.62817,2.5996e-16,-0.032258,31
8,13,0.6,1.597,0.62634,-8.2965e-17,-0.032258,31
8,13,0.7,1.5936,0.62766,3.9157e-16,-0.032258,31
8,13,0.8,1.6035,0.62389,-1.9243e-16,-0.032258,31
8,13,0.9,1.5984,0.62575,-2.2845e-16,-0.032258,31
8,14,0.1,1.478,0.67674,-1.3763e-16,-0.032258,31
8,14,0.2,1.4823,0.67475,6.1576e-17,-0.032258,31
8,14,0.3,1.4868,0.67276,-2.3175e-17,-0.032258,31
8,14,0.4,1.4886,0.67201,1.0405e-17,-0.032258,31
8,14,0.5,1.4783,0.67667,1.1126e-16,-0.032258,31
8,14,0.6,1.4926,0.67026,1.2204e-16,-0.032258,31
8,14,0.7,1.4876,0.67233,1.3289e-16,-0.032258,31
8,14,0.8,1.4856,0.67335,-2.2673e-17,-0.032258,31
8,14,0.9,1.4849,0.67359,1.4515e-16,-0.032258,31
8,15,0.1,1.3779,0.72587,8.2603e-18,-0.032258,31
8,15,0.2,1.3899,0.7197,-1.255e-17,-0.032258,31
8,15,0.3,1.3768,0.72655,2.9196e-17,-0.032258,31
8,15,0.4,1.3919,0.7187,-1.1312e-16,-0.032258,31
8,15,0.5,1.3795,0.72508,-1.3071e-16,-0.032258,31
8,15,0.6,1.3858,0.72181,1.0835e-17,-0.032258,31
8,15,0.7,1.3917,0.71882,2.309e-16,-0.032258,31
8,15,0.8,1.3992,0.71493,-6.7908e-17,-0.032258,31
8,15,0.9,1.3929,0.71814,2.5486e-17,-0.032258,31
8,16,0.1,1.3206,0.75742,2.1472e-16,-0.032258,31
8,16,0.2,1.3068,0.76557,-1.0785e-16,-0.032258,31
8,16,0.3,1.303,0.76773,-8.6906e-18,-0.032258,31
8,16,0.4,1.3079,0.7648,1.3932e-16,-0.032258,31
8,16,0.5,1.31,0.76355,-1.5095e-16,-0.032258,31
8,16,0.6,1.3144,0.761,1.1286e-16,-0.032258,31
8,16,0.7,1.3148,0.76073,-3.7402e-16,-0.032258,31
8,16,0.8,1.3071,0.76525,3.5168e-16,-0.032258,31
8,16,0.9,1.3054,0.76626,-2.1838e-16,-0.032258,31
8,17,0.1,1.2272,0.815,-1.4012e-16,-0.032258,31
8,17,0.2,1.2353,0.80982,-1.0987e-16,-0.032258,31
8,17,0.3,1.2203,0.81968,-5.9543e-17,-0.032258,31
8,17,0.4,1.2483,0.80134,1.5477e-16,-0.032258,31
8,17,0.5,1.2418,0.80555,2.8951e-16,-0.032258,31
8,17,0.6,1.2433,0.80454,2.4335e-16,-0.032258,31
8,17,0.7,1.2375,0.80824,4.284e-17,-0.032258,31
8,17,0.8,1.2417,0.80553,1.9311e-16,-0.032258,31
8,17,0.9,1.2391,0.80721,-5.1632e-17,-0.032258,31
8,18,0.1,1.173,0.85276,1.7911e-16,-0.032258,31
8,18,0.2,1.1667,0.85736,1.8414e-16,-0.032258,31
8,18,0.3,1.1753,0.85121,4.6373e-17,-0.032258,31
8,18,0.4,1.1727,0.853,-9.3418e-17,-0.032258,31
8,18,0.5,1.1599,0.86244,-6.2487e-17,-0.032258,31
8,18,0.6,1.166,0.85778,-1.2905e-16,-0.032258,31
8,18,0.7,1.1752,0.85123,-7.1398e-17,-0.032258,31
8,18,0.8,1.1811,0.84684,-1.6962e-16,-0.032258,31
8,18,0.9,1.1717,0.85371,-4.8959e-17,-0.032258,31
8,19,0.1,1.1142,0.89772,-2.0228e-16,-0.032258,31
8,19,0.2,1.1099,0.9013,-1.3923e-16,-0.032258,31
8,19,0.3,1.1102,0.90109,1.9671e-16,-0.032258,31
8,19,0.4,1.1062,0.90433,1.118e-16,-0.032258,31
8,19,0.5,1.1137,0.89842,3.5409e-17,-0.032258,31
8,19,0.6,1.117,0.89551,-1.4867e-16,-0.032258,31
8,19,0.7,1.1076,0.90301,-3.296e-16,-0.032258,31
8,19,0.8,1.0978,0.91104,1.5754e-16,-0.032258,31
8,19,0.9,1.1011,0.90851,-1.0075e-16,-0.032258,31
8,20,0.1,1.0482,0.95437,-7.1144e-17,-0.032258,31
8,20,0.2,1.0583,0.94532,1.4304e-16,-0.032258,31
8,20,0.3,1.0496,0.95324,-5.8425e-17,-0.032258,31
8,20,0.4,1.0561,0.94723,1.3843e-16,-0.032258,31
8,20,0.5,1.0616,0.94233,-5.5372e-17,-0.032258,31
8,20,0.6,1.0548,0.94847,1.1323e-16,-0.032258,31
8,20,0.7,1.0579,0.94592,2.4254e-16,-0.032258,31
8,20,0.8,1.0544,0.94864,5.5681e-17,-0.032258,31
8,20,0.9,1.0608,0.94303,-2.7003e-17,-0.032258,31
10,2,0.1,2.6268,0.38204,-1.1356e-16,-0.032258,31
10,2,0.2,2.6561,0.37915,2.5646e-16,-0.032258,31
10,2,0.3,2.6619,0.37779,2.0262e-16,-0.032258,31
10,2,0.4,2.6383,0.38131,-1.3061e-17,-0.032258,31
10,2,0.5,2.6595,0.37875,1.8413e-16,-0.032258,31
10,2,0.6,2.642,0.38111,-1.5416e-16,-0.032258,31
10,2,0.7,2.6494,0.37884,-7.7934e-17,-0.032258,31
10,2,0.8,2.6413,0.38024,-4.4049e-17,-0.032258,31
10,2,0.9,2.6573,0.3784,1.456e-16,-0.032258,31
10,3,0.1,2.5396,0.39409,-6.3087e-17,-0.032258,31
10,3,0.2,2.5529,0.39199,-1.6728e-16,-0.032258,31
10,3,0.3,2.5382,0.39421,-4.347e-17,-0.032258,31
10,3,0.4,2.5488,0.3926,-1.4555e-16,-0.032258,31
10,3,0.5,2.5431,0.39344,-1.1623e-16,-0.032258,31
10,3,0.6,2.5521,0.39215,1.091e-18,-0.032258,31
10,3,0.7,2.5308,0.39545,-6.6794e-17,-0.032258,31
10,3,0.8,2.5089,0.39881,2.9381e-16,-0.032258,31
10,3,0.9,2.5818,0.3876,8.6689e-17,-0.032258,31
10,4,0.1,2.4918,0.40151,1.0611e-16,-0.032258,31
10,4,0.2,2.4991,0.4003,2.4245e-16,-0.032258,31
10,4,0.3,2.4809,0.40328,8.5896e-17,-0.032258,31
10,4,0.4,2.5026,0.39978,2.4385e-16,-0.032258,31
10,4,0.5,2.5241,0.39634,2.0871e-18,-0.032258,31
10,4,0.6,2.4656,0.4057,-1.1764e-16,-0.032258,31
10,4,0.7,2.4939,0.40111,2.0447e-16,-0.032258,31
10,4,0.8,2.4734,0.40447,-3.0959e-16,-0.032258,31
10,4,0.9,2.4757,0.40403,-2.619e-17,-0.032258,31
10,5,0.1,2.4281,0.41197,-3.4989e-16,-0.032258,31
10,5,0.2,2.4117,0.41476,-2.3953e-16,-0.032258,31
10,5,0.3,2.4386,0.41017,-3.1184e-16,-0.032258,31
10,5,0.4,2.4639,0.40598,1.4656e-16,-0.032258,31
10,5,0.5,2.4527,0.40781,1.6907e-17,-0.032258,31
10,5,0.6,2.4373,0.41049,9.3844e-17,-0.032258,31
10,5,0.7,2.454,0.40763,2.614e-16,-0.032258,31
10,5,0.8,2.4458,0.40899,1.0881e-16,-0.032258,31
10,5,0.9,2.4242,0.41256,-2.2452e-16,-0.032258,31
10,6,0.1,2.3626,0.42338,-9.8818e-17,-0.032258,31
10,6,0.2,2.3625,0.42341,5.3898e-17,-0.032258,31
10,6,0.3,2.3596,0.42392,3.8442e-17,-0.032258,31
10,6,0.4,2.3875,0.41896,2.2689e-16,-0.032258,31
10,6,0.5,2.3489,0.42583,1.7218e-16,-0.032258,31
10,6,0.6,2.337,0.42805,-3.4978e-16,-0.032258,31
10,6,0.7,2.3646,0.42302,-1.7718e-16,-0.032258,31
10,6,0.8,2.3545,0.42482,5.0117e-17,-0.032258,31
10,6,0.9,2.3257,0.43009,-1.4927e-16,-0.032258,31
10,7,0.1,2.1723,0.46046,-2.6537e-16,-0.032258,31
10,7,0.2,2.1709,0.46076,1.041e-16,-0.032258,31
10,7,0.3,2.1717,0.46059,-2.0186e-17,-0.032258,31
10,7,0.4,2.1856,0.45769,-1.3952e-16,-0.032258,31
10,7,0.5,2.186,0.4576,-1.065e-16,-0.032258,31
10,7,0.6,2.1888,0.457,-2.1725e-16,-0.032258,31
10,7,0.7,2.1907,0.45661,-1.2832e-16,-0.032258,31
10,7,0.8,2.1816,0.45852,1.1459e-16,-0.032258,31
10,7,0.9,2.2063,0.45345,1.1256e-16,-0.032258,31
10,8,0.1,1.9864,0.50355,-2.72e-17,-0.032258,31
10,8,0.2,1.9807,0.50497,5.9679e-17,-0.032258,31
10,8,0.3,1.9949,0.50139,-2.1277e-16,-0.032258,31
10,8,0.4,1.9904,0.50256,1.0881e-17,-0.032258,31
10,8,0.5,1.9949,0.50145,9.1751e-17,-0.032258,31
10,8,0.6,1.9946,0.50155,-6.2338e-17,-0.032258,31
10,8,0.7,1.9993,0.5004,-1.2597e-17,-0.032258,31
10,8,0.8,2.0007,0.49994,5.3763e-17,-0.032258,31
10,8,0.9,1.9976,0.50081,4.0715e-17,-0.032258,31
10,9,0.1,1.8147,0.55121,-6.9701e-17,-0.032258,31
10,9,0.2,1.7965,0.5569,-5.688e-17,-0.032258,31
10,9,0.3,1.8074,0.55343,1.1606e-16,-0.032258,31
10,9,0.4,1.8135,0.5516,3.9499e-17,-0.032258,31
10,9,0.5,1.813,0.55171,-2.1848e-16,-0.032258,31
10,9,0.6,1.8145,0.55129,1.9699e-16,-0.032258,31
10,9,0.7,1.8073,0.55355,-2.1677e-17,-0.032258,31
10,9,0.8,1.8061,0.55389,6.0227e-17,-0.032258,31
10,9,0.9,1.8164,0.55064,-1.1557e-16,-0.032258,31
10,10,0.1,1.6514,0.60572,1.6202e-16,-0.032258,31
10,10,0.2,1.6391,0.61025,1.8724e-16,-0.032258,31
10,10,0.3,1.6428,0.60892,8.1366e-17,-0.032258,31
10,10,0.4,1.6503,0.60609,1.1096e-16,-0.032258,31
10,10,0.5,1.6503,0.60616,4.1974e-16,-0.032258,31
10,10,0.6,1.648,0.60691,1.5063e-16,-0.032258,31
10,10,0.7,1.6492,0.60648,1.1295e-16,-0.032258,31
10,10,0.8,1.6401,0.6099,-1.7441e-16,-0.032258,31
10,10,0.9,1.6525,0.6053,4.4147e-17,-0.032258,31
10,11,0.1,1.5167,0.65954,2.2397e-16,-0.032258,31
10,11,0.2,1.507,0.66375,1.0897e-16,-0.032258,31
10,11,0.3,1.5165,0.65967,-6.6909e-17,-0.032258,31
10,11,0.4,1.523,0.65687,-7.8256e-17,-0.032258,31
10,11,0.5,1.5,0.66687,-1.6604e-16,-0.032258,31
10,11,0.6,1.5108,0.66226,-6.8393e-17,-0.032258,31
10,11,0.7,1.5126,0.66122,-3.3721e-16,-0.032258,31
10,11,0.8,1.5215,0.65752,2.1508e-16,-0.032258,31
10,11,0.9,1.5229,0.65681,3.7669e-17,-0.032258,31
10,12,0.1,1.3928,0.71827,-7.9469e-17,-0.032258,31
10,12,0.2,1.4068,0.7112,-2.0012e-16,-0.032258,31
10,12,0.3,1.3908,0.71926,1.4111e-16,-0.032258,31
10,12,0.4,1.3792,0.72524,-2.3733e-16,-0.032258,31
10,12,0.5,1.3848,0.72229,2.5046e-16,-0.032258,31
10,12,0.6,1.3935,0.71784,-1.3694e-16,-0.032258,31
10,12,0.7,1.384,0.7228,-7.5e-17,-0.032258,31
10,12,0.8,1.4007,0.71416,-9.9804e-17,-0.032258,31
10,12,0.9,1.3909,0.71915,-3.423e-16,-0.032258,31
10,13,0.1,1.2886,0.77623,-1.8679e-16,-0.032258,31
10,13,0.2,1.2932,0.77358,-3.9042e-16,-0.032258,31
10,13,0.3,1.2917,0.77446,1.384e-16,-0.032258,31
10,13,0.4,1.2875,0.77692,1.0901e-16,-0.032258,31
10,13,0.5,1.2914,0.77457,1.1357e-17,-0.032258,31
10,13,0.6,1.2813,0.78063,-4.5326e-17,-0.032258,31
10,13,0.7,1.2825,0.77994,-1.8218e-17,-0.032258,31
10,13,0.8,1.2903,0.77523,1.1408e-16,-0.032258,31
10,13,0.9,1.2861,0.77782,2.4453e-16,-0.032258,31
10,14,0.1,1.2028,0.83168,-1.21e-16,-0.032258,31
10,14,0.2,1.1993,0.83395,1.7825e-16,-0.032258,31
10,14,0.3,1.2033,0.83137,1.6026e-16,-0.032258,31
10,14,0.4,1.1968,0.8358,-8.3721e-18,-0.032258,31
10,14,0.5,1.1978,0.83506,-1.4545e-16,-0.032258,31
10,14,0.6,1.2024,0.83179,-2.6136e-17,-0.032258,31
10,14,0.7,1.1985,0.83455,3.173e-16,-0.032258,31
10,14,0.8,1.1965,0.83613,-3.2998e-16,-0.032258,31
10,14,0.9,1.2027,0.83176,7.9614e-17,-0.032258,31
10,15,0.1,1.1151,0.89708,-1.9197e-16,-0.032258,31
10,15,0.2,1.1188,0.89402,1.143e-16,-0.032258,31
10,15,0.3,1.1245,0.8895,5.6423e-17,-0.032258,31
10,15,0.4,1.1176,0.89509,-7.7737e-17,-0.032258,31
10,15,0.5,1.1213,0.89205,-2.4101e-16,-0.032258,31
10,15,0.6,1.114,0.89787,5.3241e-17,-0.032258,31
10,15,0.7,1.119,0.89388,7.2743e-17,-0.032258,31
10,15,0.8,1.1309,0.88449,7.3617e-17,-0.032258,31
10,15,0.9,1.1261,0.88831,3.4173e-17,-0.032258,31
10,16,0.1,1.0515,0.95133,2.5109e-17,-0.032258,31
10,16,0.2,1.0601,0.94356,-6.6008e-17,-0.032258,31
10,16,0.3,1.0609,0.94286,1.3587e-16,-0.032258,31
10,16,0.4,1.0556,0.94752,-4.4717e-17,-0.032258,31
10,16,0.5,1.055,0.9482,8.0434e-18,-0.032258,31
10,16,0.6,1.062,0.94197,-1.2031e-16,-0.032258,31
10,16,0.7,1.0529,0.94996,4.9738e-18,-0.032258,31
10,16,0.8,1.0486,0.9538,3.8679e-17,-0.032258,31
10,16,0.9,1.0521,0.95085,-2.5586e-16,-0.032258,31
10,17,0.1,1.0075,0.99261,-1.4667e-16,-0.032258,31
10,17,0.2,1.0044,0.9957,-8.6889e-17,-0.032258,31
10,17,0.3,1.0053,0.9948,7.6999e-17,-0.032258,31
10,17,0.4,1.0046,0.99548,-4.0907e-16,-0.032258,31
10,17,0.5,1.0061,0.99401,-7.7971e-17,-0.032258,31
10,17,0.6,1.0043,0.99576,1.4366e-16,-0.032258,31
10,17,0.7,1.0082,0.99193,-1.9614e-16,-0.032258,31
10,17,0.8,1.0068,0.99334,-6.8979e-17,-0.032258,31
10,17,0.9,1.006,0.99413,7.4644e-17,-0.032258,31
10,18,0.1,1.0001,0.99993,2.348e-16,-0.032258,31
10,18,0.2,1.0001,0.99995,-2.537e-16,-0.032258,31
10,18,0.3,1.0001,0.99994,1.3117e-16,-0.032259,31
10,18,0.4,1,0.99996,-2.4256e-16,-0.03226,31
10,18,0.5,1.0001,0.99994,-1.5159e-16,-0.032261,31
10,18,0.6,1.0001,0.99994,1.0381e-16,-0.032258,31
10,18,0.7,1,0.99998,-7.4993e-17,-0.032261,31
10,18,0.8,1,0.99995,-6.7783e-17,-0.032257,31
10,18,0.9,1,0.99995,2.3507e-17,-0.032258,31
10,19,0.1,1.0001,0.99991,-5.2774e-17,-0.032258,31
10,19,0.2,1.0001,0.99992,-1.3495e-16,-0.032256,31
10,19,0.3,1.0001,0.99995,3.9485e-17,-0.032259,31
10,19,0.4,1.0001,0.99995,1.767e-16,-0.032257,31
10,19,0.5,1.0001,0.99995,1.2322e-16,-0.03226,31
10,19,0.6,1.0001,0.99994,1.0396e-16,-0.032253,31
10,19,0.7,1,0.99997,1.3207e-17,-0.03226,31
10,19,0.8,1.0001,0.99995,-4.8261e-17,-0.032258,31
10,19,0.9,1,0.99997,-1.5243e-16,-0.032262,31
10,20,0.1,1,0.99996,-8.7238e-17,-0.032262,31
10,20,0.2,1,0.99996,2.0959e-16,-0.032258,31
10,20,0.3,1.0001,0.99994,-2.3039e-17,-0.032259,31
10,20,0.4,1,0.99995,-1.7313e-17,-0.032255,31
10,20,0.5,1.0001,0.99994,-7.5372e-17,-0.03226,31
10,20,0.6,1,0.99996,-1.3086e-16,-0.032259,31
10,20,0.7,1.0001,0.99992,-1.1431e-16,-0.032259,31
10,20,0.8,1.0001,0.99992,1.6823e-16,-0.032258,31
10,20,0.9,1.0001,0.99995,-8.0278e-17,-0.032257,31
12,2,0.1,2.5809,0.38901,-1.8492e-17,-0.032258,31
12,2,0.2,2.5856,0.38775,2.1401e-16,-0.032258,31
12,2,0.3,2.5961,0.38588,5.1418e-17,-0.032258,31
12,2,0.4,2.5947,0.38625,-7.7886e-17,-0.032258,31
12,2,0.5,2.5976,0.38581,1.4411e-16,-0.032258,31
12,2,0.6,2.5883,0.38737,1.1418e-16,-0.032258,31
12,2,0.7,2.5946,0.38705,-2.0336e-16,-0.032258,31
12,2,0.8,2.5958,0.38582,-6.2172e-18,-0.032258,31
12,2,0.9,2.6025,0.38515,8.8125e-17,-0.032258,31
12,3,0.1,2.4768,0.40391,7.4302e-17,-0.032258,31
12,3,0.2,2.4987,0.40034,3.196e-16,-0.032258,31
12,3,0.3,2.4998,0.40027,-5.7903e-17,-0.032258,31
12,3,0.4,2.5335,0.39483,1.3302e-16,-0.032258,31
12,3,0.5,2.5085,0.39881,1.0002e-16,-0.032258,31
12,3,0.6,2.5063,0.3992,3.1103e-18,-0.032258,31
12,3,0.7,2.5029,0.39969,1.5768e-16,-0.032258,31
12,3,0.8,2.5092,0.3987,8.2711e-17,-0.032258,31
12,3,0.9,2.5048,0.3994,8.5659e-17,-0.032258,31
12,4,0.1,2.4451,0.40912,1.272e-16,-0.032258,31
12,4,0.2,2.4534,0.40776,-5.6223e-17,-0.032258,31
12,4,0.3,2.4503,0.40818,-9.2848e-17,-0.032258,31
12,4,0.4,2.4659,0.40566,4.0996e-18,-0.032258,31
12,4,0.5,2.4376,0.41041,-3.6795e-16,-0.032258,31
12,4,0.6,2.4306,0.41152,1.3708e-17,-0.032258,31
12,4,0.7,2.4849,0.4026,-9.8493e-17,-0.032258,31
12,4,0.8,2.4714,0.4048,4.2284e-18,-0.032258,31
12,4,0.9,2.4604,0.40653,-2.2672e-16,-0.032258,31
12,5,0.1,2.3543,0.42488,-1.3952e-16,-0.032258,31
12,5,0.2,2.3431,0.42686,-2.0241e-17,-0.032258,31
12,5,0.3,2.3706,0.42199,-4.7122e-17,-0.032258,31
12,5,0.4,2.3562,0.42455,-2.491e-16,-0.032258,31
12,5,0.5,2.3698,0.42209,-5.2021e-17,-0.032258,31
12,5,0.6,2.3653,0.42286,-8.5391e-17,-0.032258,31
12,5,0.7,2.3436,0.42681,-1.3562e-16,-0.032258,31
12,5,0.8,2.3513,0.42542,-7.049e-17,-0.032258,31
12,5,0.9,2.3602,0.4238,-1.9161e-16,-0.032258,31
12,6,0.1,2.1389,0.46769,-1.5489e-16,-0.032258,31
12,6,0.2,2.154,0.46437,8.2948e-17,-0.032258,31
12,6,0.3,2.149,0.46542,1.2083e-16,-0.032258,31
12,6,0.4,2.1551,0.46414,-1.4091e-16,-0.032258,31
12,6,0.5,2.1491,0.46542,2.5045e-16,-0.032258,31
12,6,0.6,2.1695,0.46109,-9.9638e-17,-0.032258,31
12,6,0.7,2.1546,0.46424,1.3182e-16,-0.032258,31
12,6,0.8,2.1662,0.46178,1.6967e-16,-0.032258,31
12,6,0.9,2.156,0.46396,-9.3241e-18,-0.032258,31
12,7,0.1,1.9179,0.5216,7.7385e-17,-0.032258,31
12,7,0.2,1.8998,0.52648,7.7121e-17,-0.032258,31
12,7,0.3,1.9221,0.52045,2.4483e-16,-0.032258,31
12,7,0.4,1.9222,0.52036,4.136e-16,-0.032258,31
12,7,0.5,1.9165,0.52191,-2.0078e-16,-0.032258,31
12,7,0.6,1.9269,0.51922,2.8842e-16,-0.032258,31
12,7,0.7,1.9132,0.52291,1.5251e-16,-0.032258,31
12,7,0.8,1.9324,0.51761,1.434e-16,-0.032258,31
12,7,0.9,1.9197,0.52111,2.4049e-16,-0.032258,31
12,8,0.1,1.7109,0.58476,3.7588e-17,-0.032258,31
12,8,0.2,1.7089,0.58544,1.0021e-16,-0.032258,31
12,8,0.3,1.7076,0.58585,-3.8286e-18,-0.032258,31
12,8,0.4,1.7258,0.57976,1.9851e-16,-0.032258,31
12,8,0.5,1.7075,0.58582,-1.8445e-16,-0.032258,31
12,8,0.6,1.7178,0.58233,1.6234e-16,-0.032258,31
12,8,0.7,1.727,0.57918,1.4304e-16,-0.032258,31
12,8,0.8,1.7267,0.57935,1.7709e-16,-0.032258,31
12,8,0.9,1.7208,0.58132,-2.2271e-16,-0.032258,31
12,9,0.1,1.5366,0.65103,3.5726e-16,-0.032258,31
12,9,0.2,1.545,0.64755,-1.0591e-17,-0.032258,31
12,9,0.3,1.5372,0.65088,-3.3173e-16,-0.032258,31
12,9,0.4,1.5406,0.64927,1.6157e-16,-0.032258,31
12,9,0.5,1.5464,0.64683,1.7312e-16,-0.032258,31
12,9,0.6,1.545,0.64749,-3.8507e-16,-0.032258,31
12,9,0.7,1.5348,0.65169,-1.3906e-16,-0.032258,31
12,9,0.8,1.5326,0.65271,2.2489e-16,-0.032258,31
12,9,0.9,1.5462,0.64691,6.4913e-17,-0.032258,31
12,10,0.1,1.3976,0.71588,-1.0764e-16,-0.032258,31
12,10,0.2,1.3827,0.72346,-9.6569e-17,-0.032258,31
12,10,0.3,1.3939,0.71752,9.9137e-18,-0.032258,31
12,10,0.4,1.3831,0.72319,1.8148e-16,-0.032258,31
12,10,0.5,1.3905,0.7194,6.0881e-17,-0.032258,31
12,10,0.6,1.3914,0.71895,4.0368e-16,-0.032258,31
12,10,0.7,1.3985,0.71528,-1.9762e-16,-0.032258,31
12,10,0.8,1.3896,0.71981,-1.9803e-16,-0.032258,31
12,10,0.9,1.3853,0.72199,-6.2091e-17,-0.032258,31
12,11,0.1,1.2727,0.78594,-7.7283e-17,-0.032258,31
12,11,0.2,1.2807,0.78102,2.6018e-16,-0.032258,31
12,11,0.3,1.2731,0.78574,-1.6806e-16,-0.032258,31
12,11,0.4,1.2634,0.79179,1.1772e-16,-0.032258,31
12,11,0.5,1.2649,0.79084,-1.6914e-17,-0.032258,31
12,11,0.6,1.2731,0.78588,-1.9592e-16,-0.032258,31
12,11,0.7,1.2755,0.78431,1.2638e-17,-0.032258,31
12,11,0.8,1.2716,0.78672,3.7016e-16,-0.032258,31
12,11,0.9,1.2817,0.78047,1.0852e-16,-0.032258,31
12,12,0.1,1.1633,0.85986,1.051e-16,-0.032258,31
12,12,0.2,1.1694,0.85529,1.6577e-16,-0.032258,31
12,12,0.3,1.1708,0.85431,-2.2471e-16,-0.032258,31
12,12,0.4,1.1706,0.85453,9.1829e-17,-0.032258,31
12,12,0.5,1.1683,0.85633,1.2034e-16,-0.032258,31
12,12,0.6,1.1799,0.84814,9.1598e-17,-0.032258,31
12,12,0.7,1.1674,0.85686,1.1089e-16,-0.032258,31
12,12,0.8,1.1676,0.85669,-2.0942e-17,-0.032258,31
12,12,0.9,1.1688,0.8558,5.051e-17,-0.032258,31
12,13,0.1,1.0832,0.92339,-4.178e-16,-0.032258,31
12,13,0.2,1.0835,0.92328,-2.3514e-18,-0.032258,31
12,13,0.3,1.0801,0.92606,9.1181e-17,-0.032258,31
12,13,0.4,1.0685,0.93629,-4.3368e-19,-0.032258,31
12,13,0.5,1.0837,0.92289,-7.2506e-17,-0.032258,31
12,13,0.6,1.0867,0.92048,5.8174e-18,-0.032258,31
12,13,0.7,1.0792,0.92692,7.563e-17,-0.032258,31
12,13,0.8,1.0863,0.92077,4.9016e-17,-0.032258,31
12,13,0.9,1.0789,0.92734,6.6001e-17,-0.032258,31
12,14,0.1,1.01,0.99023,-1.2166e-16,-0.032258,31
12,14,0.2,1.0113,0.98898,-5.2015e-17,-0.032258,31
12,14,0.3,1.0071,0.99301,-1.8885e-16,-0.032258,31
12,14,0.4,1.0139,0.98655,-2.2568e-17,-0.032258,31
12,14,0.5,1.0148,0.98562,-3.029e-17,-0.032258,31
12,14,0.6,1.0085,0.9917,-4.9267e-17,-0.032258,31
12,14,0.7,1.0114,0.98888,-1.7332e-16,-0.032258,31
12,14,0.8,1.0078,0.99233,4.9016e-17,-0.032258,31
12,14,0.9,1.0088,0.99138,-2.6145e-16,-0.032258,31
12,15,0.1,1,0.99995,-4.5997e-17,-0.032254,31
12,15,0.2,1.0001,0.99994,1.4508e-17,-0.032258,31
12,15,0.3,1.0001,0.99993,-4.0551e-16,-0.032259,31
12,15,0.4,1,0.99996,8.6499e-17,-0.03226,31
12,15,0.5,1.0001,0.99994,1.3923e-16,-0.032258,31
12,15,0.6,1.0001,0.99987,1.4696e-16,-0.032258,31
12,15,0.7,1.0001,0.99995,-1.2604e-16,-0.032257,31
12,15,0.8,1,0.99995,-7.1876e-17,-0.032255,31
12,15,0.9,1,0.99997,-6.388e-17,-0.03226,31
12,16,0.1,1.0001,0.99994,5.6101e-17,-0.032257,31
12,16,0.2,1,0.99995,-7.6795e-17,-0.032257,31
12,16,0.3,1,0.99998,3.0945e-16,-0.03226,31
12,16,0.4,1.0001,0.99992,9.2842e-17,-0.032259,31
12,16,0.5,1,0.99997,-7.4437e-17,-0.032267,31
12,16,0.6,1.0001,0.99995,-3.7107e-16,-0.032259,31
12,16,0.7,1,0.99996,4.4859e-18,-0.032256,31
12,16,0.8,1.0001,0.99995,-1.0616e-16,-0.032257,31
12,16,0.9,1.0001,0.99992,2.3e-16,-0.032256,31
12,17,0.1,1.0001,0.99995,-1.5362e-16,-0.032259,31
12,17,0.2,1,0.99997,-6.2579e-17,-0.032258,31
12,17,0.3,1.0001,0.99991,-5.4047e-17,-0.032258,31
12,17,0.4,1.0001,0.99991,7.0046e-17,-0.032258,31
12,17,0.5,1.0001,0.99995,1.2209e-16,-0.03226,31
12,17,0.6,1.0001,0.99995,-9.0023e-17,-0.032258,31
12,17,0.7,1.0001,0.99995,-9.9943e-17,-0.032259,31
12,17,0.8,1.0001,0.99995,5.6175e-18,-0.032259,31
12,17,0.9,1.0001,0.99991,-1.1015e-16,-0.032259,31
12,18,0.1,1.0001,0.99994,9.6277e-17,-0.032258,31
12,18,0.2,1.0001,0.99994,3.9174e-17,-0.032258,31
12,18,0.3,1,0.99999,-1.7874e-16,-0.032265,31
12,18,0.4,1.0001,0.9999,1.8093e-18,-0.032258,31
12,18,0.5,1.0001,0.99994,4.4418e-17,-0.032259,31
12,18,0.6,1.0001,0.99993,1.6668e-16,-0.032258,31
12,18,0.7,1.0001,0.99994,1.6574e-16,-0.03226,31
12,18,0.8,1.0001,0.99994,-3.6863e-17,-0.032258,31
12,18,0.9,1.0001,0.99993,-2.4983e-16,-0.032257,31
12,19,0.1,1.0001,0.99991,5.1635e-18,-0.032257,31
12,19,0.2,1.0001,0.99993,1.7754e-16,-0.03226,31
12,19,0.3,1,0.99996,9.3268e-17,-0.03226,31
12,19,0.4,1.0001,0.99993,-8.8349e-17,-0.032259,31
12,19,0.5,1.0001,0.99988,-1.2684e-16,-0.032258,31
12,19,0.6,1.0001,0.99994,8.7285e-17,-0.032258,31
12,19,0.7,1.0001,0.99992,-1.2764e-16,-0.032258,31
12,19,0.8,1.0001,0.99993,9.4244e-17,-0.03226,31
12,19,0.9,1,0.99996,-9.9997e-17,-0.032259,31
12,20,0.1,1.0001,0.99994,1.5234e-16,-0.032259,31
12,20,0.2,1,0.99996,-1.9648e-16,-0.032257,31
12,20,0.3,1.0001,0.99992,-3.8692e-18,-0.032257,31
12,20,0.4,1.0001,0.99994,1.0408e-16,-0.032259,31
12,20,0.5,1.0001,0.99989,-7.5603e-17,-0.032258,31
12,20,0.6,1.0001,0.99994,5.3763e-17,-0.032259,31
12,20,0.7,1.0001,0.99991,-3.0798e-17,-0.032258,31
12,20,0.8,1.0001,0.99994,1.9786e-16,-0.032258,31
12,20,0.9,1.0001,0.99991,-3.8602e-16,-0.032257,31
14,2,0.1,2.5829,0.38761,-1.5222e-16,-0.032258,31
14,2,0.2,2.5732,0.38895,-1.5901e-16,-0.032258,31
14,2,0.3,2.5339,0.39491,1.4177e-16,-0.032258,31
14,2,0.4,2.5879,0.38677,5.2455e-17,-0.032258,31
14,2,0.5,2.5665,0.39004,-1.0479e-16,-0.032258,31
14,2,0.6,2.561,0.39078,-1.688e-16,-0.032258,31
14,2,0.7,2.5698,0.38952,-9.501e-17,-0.032258,31
14,2,0.8,2.5651,0.39025,1.2574e-16,-0.032258,31
14,2,0.9,2.5848,0.38727,2.8542e-16,-0.032258,31
14,3,0.1,2.4839,0.40281,-2.415e-16,-0.032258,31
14,3,0.2,2.5194,0.39702,2.1153e-16,-0.032258,31
14,3,0.3,2.4723,0.40463,1.193e-16,-0.032258,31
14,3,0.4,2.4876,0.40212,4.2965e-17,-0.032258,31
14,3,0.5,2.4747,0.40423,1.7515e-16,-0.032258,31
14,3,0.6,2.5081,0.39892,4.2687e-17,-0.032258,31
14,3,0.7,2.4941,0.4011,8.572e-17,-0.032258,31
14,3,0.8,2.4849,0.40259,2.4389e-16,-0.032258,31
14,3,0.9,2.4695,0.40511,2.173e-16,-0.032258,31
14,4,0.1,2.4221,0.41301,-3.0663e-17,-0.032258,31
14,4,0.2,2.4087,0.4153,1.8127e-16,-0.032258,31
14,4,0.3,2.3938,0.41787,-6.6834e-17,-0.032258,31
14,4,0.4,2.4056,0.4158,-1.1952e-16,-0.032258,31
14,4,0.5,2.398,0.41709,5.9164e-17,-0.032258,31
14,4,0.6,2.3692,0.42221,-1.0828e-16,-0.032258,31
14,4,0.7,2.3847,0.41949,7.8042e-17,-0.032258,31
14,4,0.8,2.4544,0.40752,-4.9467e-17,-0.032258,31
14,4,0.9,2.4122,0.41463,3.9777e-18,-0.032258,31
14,5,0.1,2.1833,0.45814,2.2691e-16,-0.032258,31
14,5,0.2,2.1917,0.45637,-1.1497e-16,-0.032258,31
14,5,0.3,2.1776,0.45935,-8.7156e-17,-0.032258,31
14,5,0.4,2.178,0.45927,-1.2371e-16,-0.032258,31
14,5,0.5,2.1977,0.45523,4.0241e-17,-0.032258,31
14,5,0.6,2.17,0.46095,1.5141e-16,-0.032258,31
14,5,0.7,2.1949,0.45574,2.7293e-16,-0.032258,31
14,5,0.8,2.1839,0.4581,2.0952e-16,-0.032258,31
14,5,0.9,2.1825,0.45834,1.0379e-16,-0.032258,31
14,6,0.1,1.9253,0.51958,-2.9149e-16,-0.032258,31
14,6,0.2,1.9198,0.52112,4.0712e-17,-0.032258,31
14,6,0.3,1.9211,0.52072,-8.7488e-17,-0.032258,31
14,6,0.4,1.9244,0.51981,-1.1819e-16,-0.032258,31
14,6,0.5,1.9143,0.52265,-1.3198e-16,-0.032258,31
14,6,0.6,1.9187,0.52134,-1.3027e-16,-0.032258,31
14,6,0.7,1.9064,0.52465,-1.3256e-16,-0.032258,31
14,6,0.8,1.9119,0.52321,1.8057e-16,-0.032258,31
14,6,0.9,1.9222,0.52037,1.2039e-16,-0.032258,31
14,7,0.1,1.67,0.59891,-1.366e-16,-0.032258,31
14,7,0.2,1.6906,0.59172,-2.2084e-16,-0.032258,31
14,7,0.3,1.6693,0.5992,3.0419e-17,-0.032258,31
14,7,0.4,1.671,0.59872,-3.5289e-16,-0.032258,31
14,7,0.5,1.6809,0.59507,3.157e-16,-0.032258,31
14,7,0.6,1.6746,0.59734,3.4918e-17,-0.032258,31
14,7,0.7,1.6755,0.59698,-2.5268e-16,-0.032258,31
14,7,0.8,1.6755,0.59702,-3.5468e-16,-0.032258,31
14,7,0.9,1.6872,0.59283,1.5015e-16,-0.032258,31
14,8,0.1,1.4901,0.67133,2.5453e-16,-0.032258,31
14,8,0.2,1.4919,0.67055,-1.1438e-16,-0.032258,31
14,8,0.3,1.4836,0.67423,-8.906e-17,-0.032258,31
14,8,0.4,1.4886,0.67198,-2.0662e-16,-0.032258,31
14,8,0.5,1.4885,0.67207,2.3272e-16,-0.032258,31
14,8,0.6,1.4799,0.67591,-9.1432e-17,-0.032258,31
14,8,0.7,1.4832,0.67448,1.3053e-16,-0.032258,31
14,8,0.8,1.5024,0.66581,2.4677e-16,-0.032258,31
14,8,0.9,1.4901,0.67139,1.5168e-16,-0.032258,31
14,9,0.1,1.3288,0.7527,2.8831e-16,-0.032258,31
14,9,0.2,1.3233,0.75586,8.0814e-17,-0.032258,31
14,9,0.3,1.3311,0.75144,-5.6894e-17,-0.032258,31
14,9,0.4,1.3234,0.75581,-1.2823e-16,-0.032258,31
14,9,0.5,1.3213,0.75714,-7.0615e-17,-0.032258,31
14,9,0.6,1.335,0.7493,-7.3726e-18,-0.032258,31
14,9,0.7,1.3285,0.753,-8.4879e-17,-0.032258,31
14,9,0.8,1.3291,0.7526,-2.0838e-16,-0.032258,31
14,9,0.9,1.3295,0.75236,1.1241e-16,-0.032258,31
14,10,0.1,1.205,0.83021,5.646e-17,-0.032258,31
14,10,0.2,1.1916,0.83954,2.0232e-16,-0.032258,31
14,10,0.3,1.198,0.83495,4.5828e-17,-0.032258,31
14,10,0.4,1.1922,0.83906,2.4635e-16,-0.032258,31
14,10,0.5,1.1983,0.83482,1.4328e-16,-0.032258,31
14,10,0.6,1.2047,0.83044,-7.4657e-17,-0.032258,31
14,10,0.7,1.2025,0.83179,-2.1582e-17,-0.032258,31
14,10,0.8,1.214,0.82399,2.5797e-17,-0.032258,31
14,10,0.9,1.1969,0.83578,4.4025e-17,-0.032258,31
14,11,0.1,1.0985,0.9106,-6.1637e-17,-0.032258,31
14,11,0.2,1.0887,0.91875,1.1961e-16,-0.032258,31
14,11,0.3,1.0957,0.91299,-9.6094e-17,-0.032258,31
14,11,0.4,1.0976,0.91136,-2.5219e-16,-0.032258,31
14,11,0.5,1.1007,0.90873,3.0186e-16,-0.032258,31
14,11,0.6,1.1005,0.90896,1.069e-16,-0.032258,31
14,11,0.7,1.1002,0.90941,1.0565e-16,-0.032258,31
14,11,0.8,1.1043,0.90596,-6.1827e-17,-0.032258,31
14,11,0.9,1.1005,0.90899,-3.8504e-16,-0.032258,31
14,12,0.1,1.0131,0.98733,-9.8181e-17,-0.032258,31
14,12,0.2,1.0102,0.99004,9.3031e-17,-0.032258,31
14,12,0.3,1.0122,0.98805,4.7305e-17,-0.032258,31
14,12,0.4,1.0073,0.9928,4.5872e-17,-0.032258,31
14,12,0.5,1.0115,0.98882,-2.4211e-16,-0.032258,31
14,12,0.6,1.0166,0.9839,2.4789e-16,-0.032258,31
14,12,0.7,1.0135,0.98695,3.7022e-17,-0.032258,31
14,12,0.8,1.0119,0.98846,1.2346e-16,-0.032258,31
14,12,0.9,1.0107,0.98961,-1.0978e-18,-0.032258,31
14,13,0.1,1.0001,0.99994,1.8831e-16,-0.032255,31
14,13,0.2,1,0.99996,1.1245e-16,-0.032262,31
14,13,0.3,1,0.99996,-1.078e-16,-0.032257,31
14,13,0.4,1.0001,0.99993,-1.4106e-16,-0.032259,31
14,13,0.5,1.0001,0.99994,-8.202e-17,-0.032257,31
14,13,0.6,1.0001,0.99995,7.4891e-17,-0.032259,31
14,13,0.7,1.0001,0.99993,3.2484e-16,-0.03226,31
14,13,0.8,1.0001,0.99995,-1.2475e-17,-0.032261,31
14,13,0.9,1.0001,0.99995,1.8533e-17,-0.032258,31
14,14,0.1,1,0.99997,-2.0058e-17,-0.032256,31
14,14,0.2,1,0.99996,-9.1039e-17,-0.032258,31
14,14,0.3,1.0001,0.99992,-8.3694e-17,-0.032257,31
14,14,0.4,1.0001,0.99993,-1.0461e-16,-0.032259,31
14,14,0.5,1.0001,0.99993,-5.707e-17,-0.032259,31
14,14,0.6,1.0001,0.99993,1.8988e-16,-0.032258,31
14,14,0.7,1,0.99995,-8.7407e-17,-0.032256,31
14,14,0.8,1.0001,0.99991,-6.6319e-17,-0.032258,31
14,14,0.9,1.0001,0.99992,8.2806e-17,-0.032262,31
14,15,0.1,1.0001,0.99995,-7.7981e-17,-0.032256,31
14,15,0.2,1,0.99996,-3.1393e-16,-0.032261,31
14,15,0.3,1.0001,0.99989,-2.8237e-17,-0.032257,31
14,15,0.4,1.0001,0.9999,3.2611e-16,-0.032257,31
14,15,0.5,1.0001,0.99992,-8.8911e-17,-0.032258,31
14,15,0.6,1.0001,0.99992,-1.4932e-16,-0.032258,31
14,15,0.7,1.0001,0.99994,-1.096e-16,-0.032258,31
14,15,0.8,1.0001,0.9999,-4.1317e-16,-0.032258,31
14,15,0.9,1.0001,0.99994,-1.0533e-16,-0.032257,31
14,16,0.1,1,0.99995,-1.1419e-16,-0.032262,31
14,16,0.2,1.0001,0.99995,3.3339e-18,-0.032256,31
14,16,0.3,1.0001,0.99988,1.5922e-16,-0.032261,31
14,16,0.4,1.0001,0.99994,1.4398e-16,-0.032264,31
14,16,0.5,1.0001,0.99994,4.8918e-17,-0.032259,31
14,16,0.6,1.0001,0.99993,2.488e-16,-0.032258,31
14,16,0.7,1,0.99995,-4.1274e-17,-0.032259,31
14,16,0.8,1.0001,0.99994,-4.6756e-17,-0.032262,31
14,16,0.9,1.0001,0.99992,-7.275e-17,-0.032259,31
14,17,0.1,1.0001,0.99991,1.1365e-16,-0.03226,31
14,17,0.2,1.0001,0.99993,1.2449e-16,-0.032258,31
14,17,0.3,1.0001,0.99994,1.4469e-16,-0.032257,31
14,17,0.4,1.0001,0.99993,-3.1205e-17,-0.032262,31
14,17,0.5,1.0001,0.99994,-4.904e-17,-0.032258,31
14,17,0.6,1.0001,0.99992,1.6975e-16,-0.032257,31
14,17,0.7,1.0001,0.9999,-1.5936e-16,-0.032259,31
14,17,0.8,1,0.99996,-2.1903e-16,-0.032259,31
14,17,0.9,1.0001,0.99994,-2.9387e-16,-0.032258,31
14,18,0.1,1.0001,0.99994,1.3076e-16,-0.032259,31
14,18,0.2,1.0001,0.99989,2.1904e-16,-0.032258,31
14,18,0.3,1,0.99995,9.9279e-17,-0.032259,31
14,18,0.4,1.0001,0.9999,-5.1398e-17,-0.032259,31
14,18,0.5,1.0001,0.99991,5.9455e-17,-0.032258,31
14,18,0.6,1.0001,0.99991,8.3016e-17,-0.032259,31
14,18,0.7,1.0001,0.99994,-9.1764e-17,-0.032259,31
14,18,0.8,1.0001,0.9999,-3.6904e-17,-0.032257,31
14,18,0.9,1.0001,0.99992,-2.0701e-17,-0.032259,31
14,19,0.1,1.0001,0.99994,-1.5298e-16,-0.032256,31
14,19,0.2,1.0001,0.99991,-1.3348e-16,-0.032258,31
14,19,0.3,1.0001,0.99994,-1.207e-16,-0.03226,31
14,19,0.4,1.0001,0.99991,-2.0175e-16,-0.032259,31
14,19,0.5,1.0001,0.99988,9.4976e-17,-0.032258,31
14,19,0.6,1.0001,0.99994,3.1392e-16,-0.03226,31
14,19,0.7,1.0001,0.99995,-2.3175e-18,-0.032255,31
14,19,0.8,1.0001,0.9999,5.6467e-17,-0.032259,31
14,19,0.9,1.0001,0.99992,-9.6291e-18,-0.032258,31
14,20,0.1,1,0.99997,6.9253e-18,-0.03226,31
14,20,0.2,1.0001,0.99989,-9.0802e-19,-0.032258,31
14,20,0.3,1.0001,0.99993,-6.5066e-17,-0.032257,31
14,20,0.4,1.0001,0.99993,2.2293e-16,-0.032259,31
14,20,0.5,1.0001,0.99993,2.4412e-16,-0.032259,31
14,20,0.6,1.0001,0.99994,9.1412e-18,-0.032261,31
14,20,0.7,1.0001,0.99994,1.4637e-18,-0.032257,31
14,20,0.8,1.0001,0.99992,-2.9418e-16,-0.032259,31
14,20,0.9,1.0001,0.99991,1.2396e-16,-0.032259,31
16,2,0.1,2.5556,0.39161,-1.6557e-16,-0.032258,31
16,2,0.2,2.5451,0.39326,2.212e-16,-0.032258,31
16,2,0.3,2.5295,0.39558,-1.5518e-18,-0.032258,31
16,2,0.4,2.5675,0.38973,-6.1576e-17,-0.032258,31
16,2,0.5,2.5018,0.40004,-1.0297e-16,-0.032258,31
16,2,0.6,2.5116,0.39844,1.5869e-16,-0.032258,31
16,2,0.7,2.5516,0.39209,-1.3922e-16,-0.032258,31
16,2,0.8,2.5441,0.39337,-2.8382e-16,-0.032258,31
16,2,0.9,2.5278,0.39571,-3.3668e-17,-0.032258,31
16,3,0.1,2.4379,0.41032,3.2431e-17,-0.032258,31
16,3,0.2,2.4645,0.40583,2.941e-16,-0.032258,31
16,3,0.3,2.4577,0.40701,-5.6534e-17,-0.032258,31
16,3,0.4,2.4649,0.4058,1.5314e-16,-0.032258,31
16,3,0.5,2.4502,0.40826,1.7403e-16,-0.032258,31
16,3,0.6,2.4595,0.40669,3.9824e-17,-0.032258,31
16,3,0.7,2.4353,0.41075,5.2475e-17,-0.032258,31
16,3,0.8,2.4726,0.40456,1.7273e-16,-0.032258,31
16,3,0.9,2.4467,0.40881,-2.9134e-16,-0.032258,31
16,4,0.1,2.2906,0.4367,6.8074e-17,-0.032258,31
16,4,0.2,2.3154,0.43199,-2.6262e-16,-0.032258,31
16,4,0.3,2.3008,0.43477,2.0033e-16,-0.032258,31
16,4,0.4,2.2969,0.43546,2.1266e-16,-0.032258,31
16,4,0.5,2.3111,0.4328,1.2291e-16,-0.032258,31
16,4,0.6,2.2965,0.43559,-3.8973e-16,-0.032258,31
16,4,0.7,2.306,0.43381,-3.5365e-17,-0.032258,31
16,4,0.8,2.2994,0.43503,3.8499e-16,-0.032258,31
16,4,0.9,2.324,0.43045,4.0177e-16,-0.032258,31
16,5,0.1,1.9953,0.50129,-5.1245e-17,-0.032258,31
16,5,0.2,1.9889,0.50294,1.4759e-16,-0.032258,31
16,5,0.3,1.985,0.50395,-1.3661e-17,-0.032258,31
16,5,0.4,1.9893,0.50284,1.7476e-17,-0.032258,31
16,5,0.5,2.0082,0.49815,-8.9819e-17,-0.032258,31
16,5,0.6,1.994,0.50166,-8.2122e-17,-0.032258,31
16,5,0.7,1.9877,0.50324,-7.7622e-18,-0.032258,31
16,5,0.8,2.013,0.49694,1.3377e-16,-0.032258,31
16,5,0.9,1.9941,0.50167,1.0256e-16,-0.032258,31
16,6,0.1,1.7,0.58836,2.7847e-16,-0.032258,31
16,6,0.2,1.7131,0.58395,1.2054e-16,-0.032258,31
16,6,0.3,1.6962,0.58967,-7.7954e-17,-0.032258,31
16,6,0.4,1.7074,0.58582,-1.8458e-16,-0.032258,31
16,6,0.5,1.7111,0.58457,-6.0566e-17,-0.032258,31
16,6,0.6,1.72,0.5816,-1.7479e-16,-0.032258,31
16,6,0.7,1.7203,0.58157,2.0729e-17,-0.032258,31
16,6,0.8,1.7161,0.58287,-1.2226e-16,-0.032258,31
16,6,0.9,1.6955,0.58992,2.4256e-16,-0.032258,31
16,7,0.1,1.485,0.67362,-7.0385e-17,-0.032258,31
16,7,0.2,1.5008,0.66658,-2.579e-17,-0.032258,31
16,7,0.3,1.485,0.67371,-9.1527e-17,-0.032258,31
16,7,0.4,1.4695,0.68066,-2.8929e-16,-0.032258,31
16,7,0.5,1.4718,0.67958,1.5585e-16,-0.032258,31
16,7,0.6,1.4889,0.67199,-1.7109e-16,-0.032258,31
16,7,0.7,1.4888,0.67191,4.656e-17,-0.032258,31
16,7,0.8,1.4827,0.67468,-4.5591e-17,-0.032258,31
16,7,0.9,1.4857,0.67321,3.1396e-16,-0.032258,31
16,8,0.1,1.3063,0.76573,-9.2781e-17,-0.032258,31
16,8,0.2,1.3057,0.76616,-1.3431e-17,-0.032258,31
16,8,0.3,1.3201,0.75786,1.235e-16,-0.032258,31
16,8,0.4,1.3056,0.76619,-3.8421e-18,-0.032258,31
16,8,0.5,1.3242,0.75544,-9.6213e-17,-0.032258,31
16,8,0.6,1.3214,0.75707,-1.51e-16,-0.032258,31
16,8,0.7,1.3112,0.76301,2.8439e-16,-0.032258,31
16,8,0.8,1.3157,0.7604,-1.2402e-16,-0.032258,31
16,8,0.9,1.3097,0.76384,-1.4414e-16,-0.032258,31
16,9,0.1,1.165,0.85881,-1.2773e-16,-0.032258,31
16,9,0.2,1.1621,0.86081,-2.5643e-16,-0.032258,31
16,9,0.3,1.1609,0.86165,-7.3136e-17,-0.032258,31
16,9,0.4,1.1645,0.85915,4.2528e-17,-0.032258,31
16,9,0.5,1.1696,0.85525,8.45e-18,-0.032258,31
16,9,0.6,1.1679,0.85666,-1.446e-16,-0.032258,31
16,9,0.7,1.1691,0.85569,-9.1063e-17,-0.032258,31
16,9,0.8,1.1733,0.8525,-2.5046e-16,-0.032258,31
16,9,0.9,1.1754,0.85101,-4.7346e-17,-0.032258,31
16,10,0.1,1.062,0.94193,-7.7378e-17,-0.032258,31
16,10,0.2,1.0586,0.94509,1.2395e-16,-0.032258,31
16,10,0.3,1.0498,0.95286,-1.5769e-16,-0.032258,31
16,10,0.4,1.0636,0.94046,-1.69e-17,-0.032258,31
16,10,0.5,1.0594,0.94433,8.6628e-17,-0.032258,31
16,10,0.6,1.0492,0.95335,1.9563e-17,-0.032258,31
16,10,0.7,1.0595,0.94416,-4.6485e-17,-0.032258,31
16,10,0.8,1.0495,0.95307,-1.1954e-16,-0.032258,31
16,10,0.9,1.0581,0.94531,-7.8164e-18,-0.032258,31
16,11,0.1,1.0001,0.99988,2.7476e-16,-0.032258,31
16,11,0.2,1.0001,0.99989,-2.3375e-16,-0.032258,31
16,11,0.3,1.0002,0.99983,-1.4732e-17,-0.032258,31
16,11,0.4,1.0001,0.99992,4.4967e-17,-0.032258,31
16,11,0.5,1.0014,0.99858,-5.36e-18,-0.032258,31
16,11,0.6,1.0001,0.99993,8.1857e-17,-0.032258,31
16,11,0.7,1.0002,0.99981,-4.8992e-18,-0.032258,31
16,11,0.8,1.0001,0.99986,1.0364e-16,-0.032258,31
16,11,0.9,1.0009,0.99911,8.0739e-17,-0.032258,31
16,12,0.1,1,0.99996,-2.4546e-16,-0.032257,31
16,12,0.2,1.0001,0.99993,3.1718e-16,-0.032257,31
16,12,0.3,1.0001,0.99995,3.6047e-16,-0.032261,31
16,12,0.4,1.0001,0.99993,-5.7212e-17,-0.032258,31
16,12,0.5,1.0001,0.99993,1.5116e-16,-0.032258,31
16,12,0.6,1.0001,0.99994,-2.3663e-17,-0.032258,31
16,12,0.7,1.0001,0.99994,2.3094e-16,-0.032258,31
16,12,0.8,1.0001,0.99992,-2.3934e-17,-0.032257,31
16,12,0.9,1,0.99995,1.1051e-16,-0.032257,31
16,13,0.1,1,0.99997,-1.1258e-16,-0.032258,31
16,13,0.2,1.0001,0.99991,8.5001e-17,-0.032259,31
16,13,0.3,1,0.99996,6.7525e-17,-0.032257,31
16,13,0.4,1.0001,0.99995,-6.844e-19,-0.032255,31
16,13,0.5,1.0001,0.99992,2.3937e-16,-0.032257,31
16,13,0.6,1.0001,0.99991,3.2431e-16,-0.032256,31
16,13,0.7,1,0.99996,7.8632e-17,-0.032255,31
16,13,0.8,1.0001,0.99993,-6.0227e-17,-0.032257,31
16,13,0.9,1,0.99996,1.651e-16,-0.032257,31
16,14,0.1,1.0001,0.99992,-2.9809e-17,-0.032258,31
16,14,0.2,1.0001,0.99994,6.9362e-17,-0.032259,31
16,14,0.3,1.0001,0.99992,-1.0531e-16,-0.032259,31
16,14,0.4,1,0.99995,1.3802e-16,-0.032262,31
16,14,0.5,1.0001,0.99995,1.7369e-16,-0.032256,31
16,14,0.6,1.0001,0.99994,-1.1432e-16,-0.032257,31
16,14,0.7,1.0001,0.99995,-3.1259e-17,-0.032254,31
16,14,0.8,1,0.99995,-4.387e-17,-0.032257,31
16,14,0.9,1.0001,0.99991,6.8467e-17,-0.032259,31
16,15,0.1,1.0001,0.99991,2.0722e-17,-0.032258,31
16,15,0.2,1.0001,0.99988,-1.3708e-16,-0.032259,31
16,15,0.3,1.0001,0.99994,1.8777e-16,-0.032258,31
16,15,0.4,1.0001,0.99988,8.9643e-17,-0.032259,31
16,15,0.5,1,0.99996,7.2669e-17,-0.032257,31
16,15,0.6,1,0.99995,-1.7064e-16,-0.032258,31
16,15,0.7,1.0001,0.99992,-3.3414e-17,-0.032258,31
16,15,0.8,1.0001,0.99994,-1.9502e-17,-0.032258,31
16,15,0.9,1.0001,0.99992,1.4454e-17,-0.03226,31
16,16,0.1,1.0001,0.99987,7.1137e-17,-0.032259,31
16,16,0.2,1.0001,0.99989,2.4899e-16,-0.032258,31
16,16,0.3,1.0001,0.99991,-6.0065e-17,-0.032257,31
16,16,0.4,1.0001,0.99991,1.3689e-16,-0.032257,31
16,16,0.5,1.0001,0.99994,-1.0039e-16,-0.032259,31
16,16,0.6,1.0001,0.99995,-1.5939e-16,-0.032258,31
16,16,0.7,1.0001,0.99994,-2.3811e-16,-0.032259,31
16,16,0.8,1.0001,0.9999,2.2589e-16,-0.032257,31
16,16,0.9,1.0001,0.9999,-1.6365e-17,-0.032258,31
16,17,0.1,1.0001,0.99992,-2.9084e-17,-0.032256,31
16,17,0.2,1.0001,0.99991,-6.7492e-17,-0.032258,31
16,17,0.3,1.0001,0.99995,-2.1979e-16,-0.032258,31
16,17,0.4,1.0001,0.99991,9.6704e-17,-0.032258,31
16,17,0.5,1.0001,0.99991,1.207e-16,-0.032256,31
16,17,0.6,1,0.99997,-5.2238e-17,-0.032257,31
16,17,0.7,1.0001,0.9999,-1.0781e-17,-0.032258,31
16,17,0.8,1.0001,0.9999,5.6202e-17,-0.032258,31
16,17,0.9,1.0001,0.99994,-1.9309e-16,-0.032257,31
16,18,0.1,1.0001,0.99992,1.6554e-16,-0.032258,31
16,18,0.2,1.0001,0.99987,-8.7407e-17,-0.032258,31
16,18,0.3,1,0.99996,9.3933e-17,-0.032254,31
16,18,0.4,1.0001,0.99989,1.1959e-16,-0.032258,31
16,18,0.5,1.0001,0.9999,-2.0851e-17,-0.032259,31
16,18,0.6,1.0001,0.99994,-1.9879e-16,-0.032259,31
16,18,0.7,1.0001,0.99992,6.7979e-17,-0.032258,31
16,18,0.8,1.0001,0.99992,5.608e-17,-0.032258,31
16,18,0.9,1.0001,0.99991,1.1886e-16,-0.032256,31
16,19,0.1,1.0001,0.99992,7.6382e-17,-0.032258,31
16,19,0.2,1.0001,0.99989,-1.8919e-17,-0.032258,31
16,19,0.3,1.0001,0.99993,1.0251e-16,-0.032258,31
16,19,0.4,1.0001,0.9999,-5.047e-17,-0.032258,31
16,19,0.5,1.0001,0.99994,6.0058e-17,-0.032258,31
16,19,0.6,1.0001,0.99989,1.4026e-16,-0.032257,31
16,19,0.7,1.0001,0.99994,-1.1813e-16,-0.032259,31
16,19,0.8,1.0001,0.99993,-9.5721e-17,-0.03226,31
16,19,0.9,1.0001,0.99994,-1.9234e-16,-0.032258,31
16,20,0.1,1,0.99997,1.0896e-16,-0.032259,31
16,20,0.2,1.0001,0.99992,-1.1104e-16,-0.032259,31
16,20,0.3,1,0.99995,1.383e-16,-0.032258,31
16,20,0.4,1.0001,0.9999,-1.6378e-17,-0.032258,31
16,20,0.5,1.0001,0.99994,-1.445e-16,-0.032258,31
16,20,0.6,1.0001,0.99988,8.2061e-17,-0.032258,31
16,20,0.7,1.0001,0.99994,-2.6929e-17,-0.032257,31
16,20,0.8,1.0001,0.99992,1.3119e-17,-0.032256,31
16,20,0.9,1.0001,0.99992,1.3004e-17,-0.032256,31
18,2,0.1,2.5115,0.39832,-2.8308e-16,-0.032258,31
18,2,0.2,2.5286,0.39571,-1.8913e-16,-0.032258,31
18,2,0.3,2.5125,0.39819,-1.2201e-16,-0.032258,31
18,2,0.4,2.5431,0.39336,1.2473e-16,-0.032258,31
18,2,0.5,2.5219,0.39672,8.7177e-17,-0.032258,31
18,2,0.6,2.531,0.39529,2.5268e-16,-0.032258,31
18,2,0.7,2.487,0.4022,6.8169e-18,-0.032258,31
18,2,0.8,2.5049,0.39935,-1.2132e-16,-0.032258,31
18,2,0.9,2.535,0.39458,1.8347e-16,-0.032258,31
18,3,0.1,2.4035,0.41619,7.231e-17,-0.032258,31
18,3,0.2,2.403,0.41622,-2.233e-16,-0.032258,31
18,3,0.3,2.4469,0.40882,-2.0756e-16,-0.032258,31
18,3,0.4,2.4297,0.41172,-9.812e-18,-0.032258,31
18,3,0.5,2.3882,0.41886,1.309e-16,-0.032258,31
18,3,0.6,2.4383,0.41023,1.0201e-16,-0.032258,31
18,3,0.7,2.4097,0.41514,4.9494e-17,-0.032258,31
18,3,0.8,2.423,0.41281,-1.4751e-16,-0.032258,31
18,3,0.9,2.4271,0.41211,-4.3575e-17,-0.032258,31
18,4,0.1,2.1401,0.46736,-1.6955e-16,-0.032258,31
18,4,0.2,2.1483,0.46558,1.8387e-16,-0.032258,31
18,4,0.3,2.1524,0.46477,8.5008e-17,-0.032258,31
18,4,0.4,2.135,0.46849,2.9444e-16,-0.032258,31
18,4,0.5,2.1551,0.46417,1.4356e-16,-0.032258,31
18,4,0.6,2.1483,0.46562,4.14e-17,-0.032258,31
18,4,0.7,2.1509,0.46502,6.411e-17,-0.032258,31
18,4,0.8,2.1496,0.46531,7.7453e-17,-0.032258,31
18,4,0.9,2.1422,0.46699,2.3585e-17,-0.032258,31
18,5,0.1,1.8016,0.55525,3.4663e-16,-0.032258,31
18,5,0.2,1.8157,0.55088,-8.6438e-17,-0.032258,31
18,5,0.3,1.8069,0.55356,1.6658e-16,-0.032258,31
18,5,0.4,1.8066,0.55367,-3.3116e-17,-0.032258,31
18,5,0.5,1.8224,0.54888,-1.1444e-16,-0.032258,31
18,5,0.6,1.8061,0.55383,-1.4447e-16,-0.032258,31
18,5,0.7,1.803,0.55479,-6.7424e-19,-0.032258,31
18,5,0.8,1.8205,0.54948,1.5067e-17,-0.032258,31
18,5,0.9,1.814,0.5515,2.0402e-16,-0.032258,31
18,6,0.1,1.5375,0.65054,-1.4709e-16,-0.032258,31
18,6,0.2,1.5312,0.65326,5.0036e-17,-0.032258,31
18,6,0.3,1.5464,0.64689,-5.8422e-17,-0.032258,31
18,6,0.4,1.5485,0.64606,-5.8764e-17,-0.032258,31
18,6,0.5,1.5411,0.64905,4.5469e-17,-0.032258,31
18,6,0.6,1.5358,0.65129,1.2704e-16,-0.032258,31
18,6,0.7,1.5288,0.65424,-5.9635e-17,-0.032258,31
18,6,0.8,1.5323,0.65288,2.1034e-16,-0.032258,31
18,6,0.9,1.5323,0.65292,2.7056e-16,-0.032258,31
18,7,0.1,1.3252,0.75481,9.4346e-17,-0.032258,31
18,7,0.2,1.3319,0.75105,-2.2816e-17,-0.032258,31
18,7,0.3,1.3329,0.75049,2.691e-16,-0.032258,31
18,7,0.4,1.3295,0.75239,1.2873e-16,-0.032258,31
18,7,0.5,1.3199,0.75785,-2.149e-16,-0.032258,31
18,7,0.6,1.3301,0.75203,-3.1837e-16,-0.032258,31
18,7,0.7,1.3296,0.75234,-1.3504e-16,-0.032258,31
18,7,0.8,1.3202,0.75767,-1.0151e-17,-0.032258,31
18,7,0.9,1.3264,0.75418,-3.0904e-16,-0.032258,31
18,8,0.1,1.1557,0.86556,1.3227e-17,-0.032258,31
18,8,0.2,1.1505,0.86938,2.0726e-16,-0.032258,31
18,8,0.3,1.1761,0.85051,-1.7869e-17,-0.032258,31
18,8,0.4,1.1645,0.85901,1.2751e-16,-0.032258,31
18,8,0.5,1.1766,0.85015,-2.4077e-16,-0.032258,31
18,8,0.6,1.1778,0.84932,3.2411e-16,-0.032258,31
18,8,0.7,1.1743,0.85177,5.1262e-17,-0.032258,31
18,8,0.8,1.1584,0.86357,-3.5231e-16,-0.032258,31
18,8,0.9,1.1732,0.85273,1.2146e-16,-0.032258,31
18,9,0.1,1.0409,0.96106,-8.2904e-17,-0.032258,31
18,9,0.2,1.0413,0.96057,2.9758e-17,-0.032258,31
18,9,0.3,1.0376,0.96416,1.8481e-16,-0.032258,31
18,9,0.4,1.0372,0.96441,1.4101e-16,-0.032258,31
18,9,0.5,1.0452,0.95709,5.7215e-17,-0.032258,31
18,9,0.6,1.0484,0.95431,6.8677e-17,-0.032258,31
18,9,0.7,1.0364,0.96508,1.5734e-16,-0.032258,31
18,9,0.8,1.0417,0.96019,1.7003e-16,-0.032258,31
18,9,0.9,1.04,0.96185,6.203e-17,-0.032258,31
18,10,0.1,1.0002,0.99981,-1.1534e-16,-0.032258,31
18,10,0.2,1.0001,0.99993,1.0194e-16,-0.032259,31
18,10,0.3,1.0001,0.99993,-1.8763e-17,-0.032259,31
18,10,0.4,1,0.99995,-8.9989e-18,-0.032258,31
18,10,0.5,1.0001,0.99993,-1.3849e-16,-0.03226,31
18,10,0.6,1.0001,0.99995,1.0902e-16,-0.032258,31
18,10,0.7,1,0.99997,2.4666e-17,-0.032258,31
18,10,0.8,1.0001,0.99995,-1.8812e-16,-0.032256,31
18,10,0.9,1,0.99998,-9.7314e-17,-0.032255,31
18,11,0.1,1.0001,0.99992,4.9277e-17,-0.03226,31
18,11,0.2,1,0.99996,6.0939e-17,-0.032267,31
18,11,0.3,1.0001,0.99995,7.048e-17,-0.03226,31
18,11,0.4,1.0001,0.99993,1.7408e-16,-0.032257,31
18,11,0.5,1.0001,0.99993,-4.1572e-17,-0.032259,31
18,11,0.6,1.0001,0.99992,-1.8169e-16,-0.032257,31
18,11,0.7,1.0001,0.99993,9.2435e-17,-0.032258,31
18,11,0.8,1,0.99996,1.3019e-16,-0.032258,31
18,11,0.9,1,0.99995,-1.6625e-16,-0.032259,31
18,12,0.1,1,0.99996,-7.1381e-17,-0.032257,31
18,12,0.2,1.0001,0.99991,-2.5702e-17,-0.032256,31
18,12,0.3,1.0001,0.99992,-1.3463e-16,-0.032258,31
18,12,0.4,1.0001,0.99993,-5.2191e-17,-0.032256,31
18,12,0.5,1,0.99999,-2.0302e-17,-0.032264,31
18,12,0.6,1.0001,0.99992,5.7625e-17,-0.032257,31
18,12,0.7,1.0001,0.99993,-2.4725e-16,-0.032256,31
18,12,0.8,1.0001,0.99993,-5.0693e-17,-0.032258,31
18,12,0.9,1,0.99996,1.2302e-16,-0.032251,31
18,13,0.1,1.0001,0.99995,1.7444e-16,-0.032256,31
18,13,0.2,1,0.99996,4.0231e-17,-0.032252,31
18,13,0.3,1.0001,0.99994,8.5787e-18,-0.032258,31
18,13,0.4,1,0.99995,2.8691e-17,-0.032255,31
18,13,0.5,1.0001,0.9999,-1.386e-16,-0.032258,31
18,13,0.6,1.0001,0.9999,9.5742e-17,-0.032258,31
18,13,0.7,1.0001,0.9999,-1.4818e-16,-0.032257,31
18,13,0.8,1.0001,0.99994,3.5718e-17,-0.032258,31
18,13,0.9,1.0001,0.99992,1.1152e-16,-0.032259,31
18,14,0.1,1.0001,0.99994,1.4786e-16,-0.032258,31
18,14,0.2,1.0001,0.99992,-1.8221e-17,-0.032259,31
18,14,0.3,1.0001,0.99992,9.236e-17,-0.032259,31
18,14,0.4,1.0001,0.99994,8.3843e-17,-0.032258,31
18,14,0.5,1.0001,0.99993,2.3848e-16,-0.032258,31
18,14,0.6,1.0001,0.99991,1.4118e-16,-0.032259,31
18,14,0.7,1,0.99995,-1.3174e-16,-0.032258,31
18,14,0.8,1.0001,0.9999,-5.8926e-17,-0.032259,31
18,14,0.9,1.0001,0.99993,7.6673e-17,-0.032258,31
18,15,0.1,1.0001,0.9999,1.2409e-16,-0.032258,31
18,15,0.2,1.0001,0.99987,1.7594e-16,-0.032258,31
18,15,0.3,1.0001,0.99993,9.3106e-17,-0.032259,31
18,15,0.4,1.0001,0.99993,8.3158e-17,-0.032258,31
18,15,0.5,1.0001,0.99992,-2.6633e-16,-0.032256,31
18,15,0.6,1.0001,0.99995,9.7307e-17,-0.032259,31
18,15,0.7,1.0001,0.99994,1.4589e-17,-0.032258,31
18,15,0.8,1.0001,0.99992,2.6487e-16,-0.032258,31
18,15,0.9,1.0001,0.99994,9.2252e-17,-0.032258,31
18,16,0.1,1.0001,0.99991,1.1899e-17,-0.032257,31
18,16,0.2,1.0001,0.99992,2.3255e-16,-0.032258,31
18,16,0.3,1.0001,0.99989,-1.1282e-16,-0.032257,31
18,16,0.4,1.0001,0.99991,5.7734e-18,-0.032258,31
18,16,0.5,1.0001,0.99991,-1.5209e-16,-0.032258,31
18,16,0.6,1.0001,0.99993,-1.7063e-16,-0.032258,31
18,16,0.7,1.0001,0.99991,3.3814e-18,-0.032258,31
18,16,0.8,1.0001,0.99992,1.5321e-17,-0.032257,31
18,16,0.9,1.0001,0.99991,-1.2836e-16,-0.032259,31
18,17,0.1,1.0001,0.99993,-1.791e-16,-0.032257,31
18,17,0.2,1,0.99998,-2.2557e-16,-0.032256,31
18,17,0.3,1.0001,0.9999,-4.336e-16,-0.032258,31
18,17,0.4,1.0001,0.99994,1.7273e-16,-0.032258,31
18,17,0.5,1,0.99995,-8.6933e-17,-0.03226,31
18,17,0.6,1.0001,0.99992,-5.028e-17,-0.032257,31
18,17,0.7,1.0001,0.99989,4.3605e-17,-0.032259,31
18,17,0.8,1.0001,0.99991,-7.855e-17,-0.032259,31
18,17,0.9,1.0001,0.99992,2.3861e-16,-0.032255,31
18,18,0.1,1.0001,0.99991,2.3371e-17,-0.032258,31
18,18,0.2,1.0001,0.99991,1.6219e-16,-0.032258,31
18,18,0.3,1.0001,0.99991,2.1349e-16,-0.032259,31
18,18,0.4,1.0001,0.99993,-9.3302e-17,-0.032257,31
18,18,0.5,1.0001,0.99989,1.3754e-16,-0.032259,31
18,18,0.6,1,0.99996,-1.4436e-16,-0.032256,31
18,18,0.7,1,0.99996,-5.0178e-17,-0.032257,31
18,18,0.8,1.0001,0.99987,8.9081e-17,-0.032258,31
18,18,0.9,1.0001,0.99992,1.091e-16,-0.032255,31
18,19,0.1,1.0001,0.99991,7.9418e-18,-0.032255,31
18,19,0.2,1.0001,0.99991,1.3455e-16,-0.032259,31
18,19,0.3,1.0001,0.99992,1.8601e-17,-0.032257,31
18,19,0.4,1,0.99996,4.1447e-16,-0.03226,31
18,19,0.5,1.0001,0.99991,-4.6831e-17,-0.032258,31
18,19,0.6,1.0001,0.9999,7.5894e-17,-0.032257,31
18,19,0.7,1,0.99996,3.157e-16,-0.032257,31
18,19,0.8,1.0001,0.99989,-1.502e-16,-0.032259,31
18,19,0.9,1.0001,0.99992,3.3136e-18,-0.032258,31
18,20,0.1,1.0001,0.99992,1.8303e-17,-0.032258,31
18,20,0.2,1.0001,0.9999,-6.2633e-17,-0.032258,31
18,20,0.3,1.0001,0.99992,8.3883e-17,-0.032257,31
18,20,0.4,1,0.99996,-2.0464e-16,-0.032257,31
18,20,0.5,1.0001,0.99989,1.5882e-16,-0.032257,31
18,20,0.6,1.0001,0.99988,-1.2555e-16,-0.032257,31
18,20,0.7,1.0001,0.99989,-9.7646e-18,-0.032258,31
18,20,0.8,1.0001,0.99993,-2.0633e-16,-0.032259,31
18,20,0.9,1.0001,0.99991,-1.7252e-17,-0.032259,31
20,2,0.1,2.4971,0.40061,3.4694e-18,-0.032258,31
20,2,0.2,2.4647,0.40585,3.0936e-16,-0.032258,31
20,2,0.3,2.5138,0.39796,-2.8043e-16,-0.032258,31
20,2,0.4,2.4946,0.40097,-3.9912e-17,-0.032258,31
20,2,0.5,2.471,0.40482,-1.8126e-16,-0.032258,31
20,2,0.6,2.4778,0.40371,7.7365e-17,-0.032258,31
20,2,0.7,2.4901,0.40173,-1.7899e-16,-0.032258,31
20,2,0.8,2.4857,0.40244,-1.194e-17,-0.032258,31
20,2,0.9,2.4858,0.40241,-2.1691e-17,-0.032258,31
20,3,0.1,2.3612,0.42366,2.107e-16,-0.032258,31
20,3,0.2,2.3562,0.42457,-6.4768e-17,-0.032258,31
20,3,0.3,2.3693,0.42221,-8.5781e-17,-0.032258,31
20,3,0.4,2.3542,0.42488,3.3442e-16,-0.032258,31
20,3,0.5,2.347,0.42621,-1.1402e-16,-0.032258,31
20,3,0.6,2.3629,0.42332,3.2296e-17,-0.032258,31
20,3,0.7,2.3504,0.42554,1.5153e-16,-0.032258,31
20,3,0.8,2.379,0.42044,-4.5374e-17,-0.032258,31
20,3,0.9,2.3838,0.41959,8.2637e-18,-0.032258,31
20,4,0.1,1.9869,0.50344,1.5755e-16,-0.032258,31
20,4,0.2,1.9733,0.50702,-3.9817e-17,-0.032258,31
20,4,0.3,1.9963,0.50105,-2.2986e-16,-0.032258,31
20,4,0.4,2.0017,0.49972,2.9853e-17,-0.032258,31
20,4,0.5,1.9907,0.50254,-2.0227e-16,-0.032258,31
20,4,0.6,1.9709,0.50756,-1.408e-16,-0.032258,31
20,4,0.7,1.9951,0.50138,2.3068e-16,-0.032258,31
20,4,0.8,1.9843,0.50409,4.5621e-17,-0.032258,31
20,4,0.9,2.0053,0.49882,4.5401e-17,-0.032258,31
20,5,0.1,1.6689,0.59934,-2.1467e-16,-0.032258,31
20,5,0.2,1.6517,0.60561,8.2284e-17,-0.032258,31
20,5,0.3,1.6447,0.6082,4.3103e-16,-0.032258,31
20,5,0.4,1.6424,0.60905,4.372e-17,-0.032258,31
20,5,0.5,1.644,0.60845,1.5516e-16,-0.032258,31
20,5,0.6,1.6423,0.60908,7.996e-19,-0.032258,31
20,5,0.7,1.65,0.60624,9.2676e-17,-0.032258,31
20,5,0.8,1.6574,0.6035,1.0476e-17,-0.032258,31
20,5,0.9,1.6435,0.60865,1.2364e-16,-0.032258,31
20,6,0.1,1.3991,0.71497,-3.9875e-16,-0.032258,31
20,6,0.2,1.3894,0.72002,-4.1952e-17,-0.032258,31
20,6,0.3,1.4003,0.71429,-3.4524e-16,-0.032258,31
20,6,0.4,1.3883,0.72047,3.2672e-17,-0.032258,31
20,6,0.5,1.3968,0.71618,1.3651e-17,-0.032258,31
20,6,0.6,1.4034,0.71294,-7.6538e-18,-0.032258,31
20,6,0.7,1.3868,0.72136,-2.227e-16,-0.032258,31
20,6,0.8,1.3929,0.71819,7.0141e-17,-0.032258,31
20,6,0.9,1.393,0.71805,-1.3841e-16,-0.032258,31
20,7,0.1,1.2016,0.83251,3.1977e-16,-0.032258,31
20,7,0.2,1.2072,0.82871,6.7979e-17,-0.032258,31
20,7,0.3,1.1989,0.83423,8.511e-17,-0.032258,31
20,7,0.4,1.1941,0.83775,1.1436e-16,-0.032258,31
20,7,0.5,1.2024,0.83198,-1.0311e-16,-0.032258,31
20,7,0.6,1.2149,0.82354,-7.2164e-17,-0.032258,31
20,7,0.7,1.2034,0.83131,1.0284e-16,-0.032258,31
20,7,0.8,1.1981,0.83486,-1.6546e-16,-0.032258,31
20,7,0.9,1.2032,0.83132,9.6396e-17,-0.032258,31
20,8,0.1,1.0579,0.94551,-1.7235e-17,-0.032258,31
20,8,0.2,1.0536,0.94934,-7.7466e-17,-0.032258,31
20,8,0.3,1.0574,0.94594,2.0367e-16,-0.032258,31
20,8,0.4,1.0598,0.94406,-7.8096e-17,-0.032258,31
20,8,0.5,1.0601,0.94353,3.4233e-16,-0.032258,31
20,8,0.6,1.0607,0.943,1.044e-16,-0.032258,31
20,8,0.7,1.0523,0.95054,9.251e-17,-0.032258,31
20,8,0.8,1.0536,0.94936,-2.842e-17,-0.032258,31
20,8,0.9,1.0508,0.95208,1.6501e-16,-0.032258,31
20,9,0.1,1,0.99996,1.0133e-16,-0.032253,31
20,9,0.2,1.0001,0.99987,1.198e-16,-0.032258,31
20,9,0.3,1.0001,0.99991,2.5072e-17,-0.032258,31
20,9,0.4,1,0.99997,-2.1663e-16,-0.032263,31
20,9,0.5,1,0.99997,-1.0102e-16,-0.032258,31
20,9,0.6,1.0001,0.99994,3.5654e-16,-0.032252,31
20,9,0.7,1.0001,0.99992,-1.7895e-16,-0.032258,31
20,9,0.8,1,0.99996,-1.6613e-16,-0.032258,31
20,9,0.9,1,0.99997,-1.8043e-16,-0.03226,31
20,10,0.1,1.0001,0.99993,1.7688e-16,-0.032259,31
20,10,0.2,1.0001,0.99994,-2.764e-17,-0.03226,31
20,10,0.3,1,0.99995,4.4425e-17,-0.032258,31
20,10,0.4,1,0.99996,1.4086e-16,-0.03226,31
20,10,0.5,1.0001,0.99994,-8.7908e-17,-0.03226,31
20,10,0.6,1.0001,0.99993,6.1318e-17,-0.032259,31
20,10,0.7,1,0.99997,-1.7566e-16,-0.032263,31
20,10,0.8,1.0001,0.99995,7.8666e-17,-0.03226,31
20,10,0.9,1.0001,0.99995,3.3242e-16,-0.032255,31
20,11,0.1,1.0001,0.99994,-7.1679e-17,-0.032259,31
20,11,0.2,1.0001,0.99992,-1.7002e-17,-0.032258,31
20,11,0.3,1.0001,0.99992,3.7967e-17,-0.032257,31
20,11,0.4,1.0001,0.9999,-1.6744e-16,-0.032259,31
20,11,0.5,1,0.99997,-2.0275e-17,-0.032262,31
20,11,0.6,1.0001,0.99994,-3.3454e-17,-0.03226,31
20,11,0.7,1,0.99997,3.2675e-17,-0.03226,31
20,11,0.8,1.0001,0.99993,1.9204e-17,-0.032257,31
20,11,0.9,1.0001,0.99992,6.1325e-18,-0.032259,31
20,12,0.1,1.0001,0.99994,-1.4396e-16,-0.032257,31
20,12,0.2,1.0001,0.99994,-7.4139e-17,-0.032259,31
20,12,0.3,1.0001,0.99989,7.8266e-18,-0.032258,31
20,12,0.4,1.0001,0.99993,8.9955e-17,-0.032258,31
20,12,0.5,1.0001,0.99993,-2.2545e-17,-0.032259,31
20,12,0.6,1.0001,0.99988,5.5525e-17,-0.032257,31
20,12,0.7,1.0001,0.9999,-8.5781e-17,-0.032258,31
20,12,0.8,1.0001,0.99994,-6.968e-17,-0.03226,31
20,12,0.9,1.0001,0.99993,2.2226e-17,-0.03226,31
20,13,0.1,1.0001,0.99992,2.0754e-16,-0.032258,31
20,13,0.2,1.0001,0.99987,4.2955e-17,-0.032258,31
20,13,0.3,1.0001,0.99992,1.1312e-16,-0.032259,31
20,13,0.4,1,0.99995,-4.5469e-17,-0.03226,31
20,13,0.5,1.0001,0.99993,-1.4147e-16,-0.03226,31
20,13,0.6,1.0001,0.99993,-6.6814e-17,-0.032259,31
20,13,0.7,1.0001,0.9999,-3.3215e-16,-0.032258,31
20,13,0.8,1,0.99997,-4.1186e-17,-0.032262,31
20,13,0.9,1.0001,0.99992,-5.3478e-17,-0.032258,31
20,14,0.1,1,0.99997,1.1524e-16,-0.032259,31
20,14,0.2,1.0001,0.99988,-7.1557e-18,-0.032257,31
20,14,0.3,1.0001,0.99989,7.9804e-17,-0.032258,31
20,14,0.4,1.0001,0.99992,-1.2848e-17,-0.032259,31
20,14,0.5,1.0001,0.99993,6.4917e-17,-0.032258,31
20,14,0.6,1.0001,0.99988,6.2748e-17,-0.032258,31
20,14,0.7,1.0001,0.99993,2.276e-16,-0.032258,31
20,14,0.8,1.0001,0.99987,9.3533e-17,-0.032258,31
20,14,0.9,1.0001,0.99989,2.9568e-16,-0.032258,31
20,15,0.1,1.0001,0.99992,-3.4247e-16,-0.032259,31
20,15,0.2,1,0.99995,1.6556e-16,-0.032257,31
20,15,0.3,1.0001,0.99993,1.2883e-16,-0.032259,31
20,15,0.4,1.0001,0.9999,2.8386e-17,-0.032258,31
20,15,0.5,1,0.99996,-9.0775e-17,-0.032259,31
20,15,0.6,1.0001,0.99994,-1.3058e-17,-0.032258,31
20,15,0.7,1.0001,0.99992,4.021e-17,-0.032259,31
20,15,0.8,1.0001,0.99992,-1.0082e-16,-0.032258,31
20,15,0.9,1.0001,0.9999,-7.7358e-17,-0.03226,31
20,16,0.1,1.0001,0.99991,-8.9738e-17,-0.032258,31
20,16,0.2,1.0001,0.99988,-1.0345e-16,-0.032259,31
20,16,0.3,1.0001,0.9999,1.1017e-16,-0.032259,31
20,16,0.4,1.0001,0.99994,7.8916e-17,-0.032259,31
20,16,0.5,1.0001,0.99991,-2.4557e-17,-0.032258,31
20,16,0.6,1.0001,0.99995,9.7016e-17,-0.032257,31
20,16,0.7,1.0001,0.99993,-2.3386e-16,-0.032259,31
20,16,0.8,1.0001,0.99993,9.2144e-17,-0.032257,31
20,16,0.9,1.0001,0.99992,-3.3482e-17,-0.032258,31
20,17,0.1,1.0002,0.99984,2.1681e-16,-0.032258,31
20,17,0.2,1.0001,0.99991,1.0723e-16,-0.032258,31
20,17,0.3,1,0.99996,1.2692e-16,-0.032259,31
20,17,0.4,1.0001,0.99994,9.1439e-17,-0.032257,31
20,17,0.5,1.0001,0.99988,1.197e-16,-0.032258,31
20,17,0.6,1.0001,0.99991,7.2038e-17,-0.032258,31
20,17,0.7,1.0001,0.9999,-3.7086e-17,-0.032258,31
20,17,0.8,1.0001,0.9999,7.6233e-18,-0.032258,31
20,17,0.9,1,0.99996,1.1292e-16,-0.032259,31
20,18,0.1,1,0.99995,4.8023e-17,-0.032258,31
20,18,0.2,1.0001,0.99994,-2.9511e-17,-0.032259,31
20,18,0.3,1,0.99996,1.9166e-16,-0.032264,31
20,18,0.4,1.0001,0.99993,3.4532e-17,-0.032257,31
20,18,0.5,1.0001,0.99992,-4.5272e-17,-0.032256,31
20,18,0.6,1.0001,0.99992,-2.5383e-16,-0.032257,31
20,18,0.7,1.0001,0.99991,-9.3492e-17,-0.032259,31
20,18,0.8,1,0.99996,7.5081e-18,-0.032261,31
20,18,0.9,1.0001,0.9999,2.027e-16,-0.032258,31
20,19,0.1,1.0001,0.9999,-2.294e-16,-0.032258,31
20,19,0.2,1.0001,0.99986,7.3888e-17,-0.032259,31
20,19,0.3,1.0001,0.99988,-1.6581e-16,-0.032259,31
20,19,0.4,1.0001,0.99989,-1.1812e-16,-0.032258,31
20,19,0.5,1.0001,0.99993,1.6879e-16,-0.032257,31
20,19,0.6,1.0001,0.99989,4.7766e-17,-0.032258,31
20,19,0.7,1.0001,0.9999,7.4471e-17,-0.032258,31
20,19,0.8,1.0001,0.99987,2.0023e-16,-0.032258,31
20,19,0.9,1.0001,0.99993,-1.0009e-16,-0.032258,31
20,20,0.1,1.0001,0.99989,9.0443e-17,-0.032258,31
20,20,0.2,1.0001,0.99991,2.3003e-16,-0.032258,31
20,20,0.3,1,0.99996,-2.3385e-17,-0.032258,31
20,20,0.4,1.0001,0.99986,-8.4317e-17,-0.032258,31
20,20,0.5,1.0001,0.99994,-1.172e-16,-0.032258,31
20,20,0.6,1.0001,0.99993,2.1023e-16,-0.032258,31
20,20,0.7,1.0001,0.99995,1.3708e-16,-0.032259,31
20,20,0.8,1.0001,0.99988,7.5278e-17,-0.032258,31
20,20,0.9,1.0001,0.99994,-6.8799e-17,-0.032258,31
